<?xml version="1.0" encoding="UTF-8" ?>
<!DOCTYPE mapper PUBLIC "-//mybatis.org//DTD Mapper 3.0//EN" "http://mybatis.org/dtd/mybatis-3-mapper.dtd" >
<mapper namespace="com.qst.scnt.model.costMapper" >
  <resultMap id="BaseResultMap" type="com.qst.scnt.model.Cost" >
    <!--
      WARNING - @mbggenerated
      This element is automatically generated by MyBatis Generator, do not modify.
      This element was generated on Mon Apr 02 18:19:54 CST 2018.
    -->
    <id column="id" property="id" jdbcType="INTEGER" />
    <result column="expenseItemID" property="expenseItemID" jdbcType="INTEGER" />
    <result column="expenseAmount" property="expenseAmount" jdbcType="DECIMAL" />
    <result column="expenseDate" property="expenseDate" jdbcType="DATE" />
    <result column="salesDepartmentID" property="salesDepartmentID" jdbcType="INTEGER" />
    <result column="isDelete" property="isDelete" jdbcType="INTEGER" />
  </resultMap>
  <sql id="Base_Column_List" >
    <!--
      WARNING - @mbggenerated
      This element is automatically generated by MyBatis Generator, do not modify.
      This element was generated on Mon Apr 02 18:19:54 CST 2018.
    -->
    id, expenseItemID, expenseAmount, expenseDate, salesDepartmentID, isDelete
  </sql>
  <select id="selectByPrimaryKey" resultMap="BaseResultMap" parameterType="java.lang.Integer" >
    <!--
      WARNING - @mbggenerated
      This element is automatically generated by MyBatis Generator, do not modify.
      This element was generated on Mon Apr 02 18:19:54 CST 2018.
    -->
    select 
    <include refid="Base_Column_List" />
    from cost
    where id = #{id,jdbcType=INTEGER}
  </select>
  <delete id="deleteByPrimaryKey" parameterType="java.lang.Integer" >
    <!--
      WARNING - @mbggenerated
      This element is automatically generated by MyBatis Generator, do not modify.
      This element was generated on Mon Apr 02 18:19:54 CST 2018.
    -->
    delete from cost
    where id = #{id,jdbcType=INTEGER}
  </delete>
  <insert id="insert" parameterType="com.qst.scnt.model.cost" >
    <!--
      WARNING - @mbggenerated
      This element is automatically generated by MyBatis Generator, do not modify.
      This element was generated on Mon Apr 02 18:19:54 CST 2018.
    -->
    insert into cost (id, expenseItemID, expenseAmount, 
      expenseDate, salesDepartmentID, isDelete
      )
    values (#{id,jdbcType=INTEGER}, #{expenseItemID,jdbcType=INTEGER}, #{expenseAmount,jdbcType=DECIMAL}, 
      #{expenseDate,jdbcType=DATE}, #{salesDepartmentID,jdbcType=INTEGER}, #{isDelete,jdbcType=INTEGER}
      )
  </insert>
  <insert id="insertSelective" parameterType="com.qst.scnt.model.cost" >
    <!--
      WARNING - @mbggenerated
      This element is automatically generated by MyBatis Generator, do not modify.
      This element was generated on Mon Apr 02 18:19:54 CST 2018.
    -->
    insert into cost
    <trim prefix="(" suffix=")" suffixOverrides="," >
      <if test="id != null" >
        id,
      </if>
      <if test="expenseItemID != null" >
        expenseItemID,
      </if>
      <if test="expenseAmount != null" >
        expenseAmount,
      </if>
      <if test="expenseDate != null" >
        expenseDate,
      </if>
      <if test="salesDepartmentID != null" >
        salesDepartmentID,
      </if>
      <if test="isDelete != null" >
        isDelete,
      </if>
    </trim>
    <trim prefix="values (" suffix=")" suffixOverrides="," >
      <if test="id != null" >
        #{id,jdbcType=INTEGER},
      </if>
      <if test="expenseItemID != null" >
        #{expenseItemID,jdbcType=INTEGER},
      </if>
      <if test="expenseAmount != null" >
        #{expenseAmount,jdbcType=DECIMAL},
      </if>
      <if test="expenseDate != null" >
        #{expenseDate,jdbcType=DATE},
      </if>
      <if test="salesDepartmentID != null" >
        #{salesDepartmentID,jdbcType=INTEGER},
      </if>
      <if test="isDelete != null" >
        #{isDelete,jdbcType=INTEGER},
      </if>
    </trim>
  </insert>
  <update id="updateByPrimaryKeySelective" parameterType="com.qst.scnt.model.cost" >
    <!--
      WARNING - @mbggenerated
      This element is automatically generated by MyBatis Generator, do not modify.
      This element was generated on Mon Apr 02 18:19:54 CST 2018.
    -->
    update cost
    <set >
      <if test="expenseItemID != null" >
        expenseItemID = #{expenseItemID,jdbcType=INTEGER},
      </if>
      <if test="expenseAmount != null" >
        expenseAmount = #{expenseAmount,jdbcType=DECIMAL},
      </if>
      <if test="expenseDate != null" >
        expenseDate = #{expenseDate,jdbcType=DATE},
      </if>
      <if test="salesDepartmentID != null" >
        salesDepartmentID = #{salesDepartmentID,jdbcType=INTEGER},
      </if>
      <if test="isDelete != null" >
        isDelete = #{isDelete,jdbcType=INTEGER},
      </if>
    </set>
    where id = #{id,jdbcType=INTEGER}
  </update>
  <update id="updateByPrimaryKey" parameterType="com.qst.scnt.model.cost" >
    <!--
      WARNING - @mbggenerated
      This element is automatically generated by MyBatis Generator, do not modify.
      This element was generated on Mon Apr 02 18:19:54 CST 2018.
    -->
    update cost
    set expenseItemID = #{expenseItemID,jdbcType=INTEGER},
      expenseAmount = #{expenseAmount,jdbcType=DECIMAL},
      expenseDate = #{expenseDate,jdbcType=DATE},
      salesDepartmentID = #{salesDepartmentID,jdbcType=INTEGER},
      isDelete = #{isDelete,jdbcType=INTEGER}
    where id = #{id,jdbcType=INTEGER}
  </update>
</mapper>