<?xml version="1.0" encoding="UTF-8" ?>
<!DOCTYPE mapper PUBLIC "-//mybatis.org//DTD Mapper 3.0//EN" "http://mybatis.org/dtd/mybatis-3-mapper.dtd" >
<mapper namespace="com.qst.scnt.model.employeeinfoMapper" >
  <resultMap id="BaseResultMap" type="com.qst.scnt.model.employeeinfo" >
    <!--
      WARNING - @mbggenerated
      This element is automatically generated by MyBatis Generator, do not modify.
      This element was generated on Mon Apr 02 18:19:54 CST 2018.
    -->
    <id column="id" property="id" jdbcType="INTEGER" />
    <result column="employeeName" property="employeeName" jdbcType="VARCHAR" />
    <result column="sex" property="sex" jdbcType="CHAR" />
    <result column="employeePhone" property="employeePhone" jdbcType="VARCHAR" />
    <result column="employeeAddress" property="employeeAddress" jdbcType="VARCHAR" />
    <result column="employeeEmail" property="employeeEmail" jdbcType="VARCHAR" />
    <result column="salesDepartmentID" property="salesDepartmentID" jdbcType="INTEGER" />
    <result column="isDelete" property="isDelete" jdbcType="INTEGER" />
  </resultMap>
  <sql id="Base_Column_List" >
    <!--
      WARNING - @mbggenerated
      This element is automatically generated by MyBatis Generator, do not modify.
      This element was generated on Mon Apr 02 18:19:54 CST 2018.
    -->
    id, employeeName, sex, employeePhone, employeeAddress, employeeEmail, salesDepartmentID, 
    isDelete
  </sql>
  <select id="selectByPrimaryKey" resultMap="BaseResultMap" parameterType="java.lang.Integer" >
    <!--
      WARNING - @mbggenerated
      This element is automatically generated by MyBatis Generator, do not modify.
      This element was generated on Mon Apr 02 18:19:54 CST 2018.
    -->
    select 
    <include refid="Base_Column_List" />
    from employeeinfo
    where id = #{id,jdbcType=INTEGER}
  </select>
  <delete id="deleteByPrimaryKey" parameterType="java.lang.Integer" >
    <!--
      WARNING - @mbggenerated
      This element is automatically generated by MyBatis Generator, do not modify.
      This element was generated on Mon Apr 02 18:19:54 CST 2018.
    -->
    delete from employeeinfo
    where id = #{id,jdbcType=INTEGER}
  </delete>
  <insert id="insert" parameterType="com.qst.scnt.model.employeeinfo" >
    <!--
      WARNING - @mbggenerated
      This element is automatically generated by MyBatis Generator, do not modify.
      This element was generated on Mon Apr 02 18:19:54 CST 2018.
    -->
    insert into employeeinfo (id, employeeName, sex, 
      employeePhone, employeeAddress, employeeEmail, 
      salesDepartmentID, isDelete)
    values (#{id,jdbcType=INTEGER}, #{employeeName,jdbcType=VARCHAR}, #{sex,jdbcType=CHAR}, 
      #{employeePhone,jdbcType=VARCHAR}, #{employeeAddress,jdbcType=VARCHAR}, #{employeeEmail,jdbcType=VARCHAR}, 
      #{salesDepartmentID,jdbcType=INTEGER}, #{isDelete,jdbcType=INTEGER})
  </insert>
  <insert id="insertSelective" parameterType="com.qst.scnt.model.employeeinfo" >
    <!--
      WARNING - @mbggenerated
      This element is automatically generated by MyBatis Generator, do not modify.
      This element was generated on Mon Apr 02 18:19:54 CST 2018.
    -->
    insert into employeeinfo
    <trim prefix="(" suffix=")" suffixOverrides="," >
      <if test="id != null" >
        id,
      </if>
      <if test="employeeName != null" >
        employeeName,
      </if>
      <if test="sex != null" >
        sex,
      </if>
      <if test="employeePhone != null" >
        employeePhone,
      </if>
      <if test="employeeAddress != null" >
        employeeAddress,
      </if>
      <if test="employeeEmail != null" >
        employeeEmail,
      </if>
      <if test="salesDepartmentID != null" >
        salesDepartmentID,
      </if>
      <if test="isDelete != null" >
        isDelete,
      </if>
    </trim>
    <trim prefix="values (" suffix=")" suffixOverrides="," >
      <if test="id != null" >
        #{id,jdbcType=INTEGER},
      </if>
      <if test="employeeName != null" >
        #{employeeName,jdbcType=VARCHAR},
      </if>
      <if test="sex != null" >
        #{sex,jdbcType=CHAR},
      </if>
      <if test="employeePhone != null" >
        #{employeePhone,jdbcType=VARCHAR},
      </if>
      <if test="employeeAddress != null" >
        #{employeeAddress,jdbcType=VARCHAR},
      </if>
      <if test="employeeEmail != null" >
        #{employeeEmail,jdbcType=VARCHAR},
      </if>
      <if test="salesDepartmentID != null" >
        #{salesDepartmentID,jdbcType=INTEGER},
      </if>
      <if test="isDelete != null" >
        #{isDelete,jdbcType=INTEGER},
      </if>
    </trim>
  </insert>
  <update id="updateByPrimaryKeySelective" parameterType="com.qst.scnt.model.employeeinfo" >
    <!--
      WARNING - @mbggenerated
      This element is automatically generated by MyBatis Generator, do not modify.
      This element was generated on Mon Apr 02 18:19:54 CST 2018.
    -->
    update employeeinfo
    <set >
      <if test="employeeName != null" >
        employeeName = #{employeeName,jdbcType=VARCHAR},
      </if>
      <if test="sex != null" >
        sex = #{sex,jdbcType=CHAR},
      </if>
      <if test="employeePhone != null" >
        employeePhone = #{employeePhone,jdbcType=VARCHAR},
      </if>
      <if test="employeeAddress != null" >
        employeeAddress = #{employeeAddress,jdbcType=VARCHAR},
      </if>
      <if test="employeeEmail != null" >
        employeeEmail = #{employeeEmail,jdbcType=VARCHAR},
      </if>
      <if test="salesDepartmentID != null" >
        salesDepartmentID = #{salesDepartmentID,jdbcType=INTEGER},
      </if>
      <if test="isDelete != null" >
        isDelete = #{isDelete,jdbcType=INTEGER},
      </if>
    </set>
    where id = #{id,jdbcType=INTEGER}
  </update>
  <update id="updateByPrimaryKey" parameterType="com.qst.scnt.model.employeeinfo" >
    <!--
      WARNING - @mbggenerated
      This element is automatically generated by MyBatis Generator, do not modify.
      This element was generated on Mon Apr 02 18:19:54 CST 2018.
    -->
    update employeeinfo
    set employeeName = #{employeeName,jdbcType=VARCHAR},
      sex = #{sex,jdbcType=CHAR},
      employeePhone = #{employeePhone,jdbcType=VARCHAR},
      employeeAddress = #{employeeAddress,jdbcType=VARCHAR},
      employeeEmail = #{employeeEmail,jdbcType=VARCHAR},
      salesDepartmentID = #{salesDepartmentID,jdbcType=INTEGER},
      isDelete = #{isDelete,jdbcType=INTEGER}
    where id = #{id,jdbcType=INTEGER}
  </update>
</mapper>