<?xml version="1.0" encoding="UTF-8" ?>
<!DOCTYPE mapper PUBLIC "-//mybatis.org//DTD Mapper 3.0//EN" "http://mybatis.org/dtd/mybatis-3-mapper.dtd" >
<mapper namespace="com.qst.scnt.model.everymonthotherinfoMapper" >
  <resultMap id="BaseResultMap" type="com.qst.scnt.model.everymonthotherinfo" >
    <!--
      WARNING - @mbggenerated
      This element is automatically generated by MyBatis Generator, do not modify.
      This element was generated on Mon Apr 02 18:19:54 CST 2018.
    -->
    <id column="id" property="id" jdbcType="INTEGER" />
    <result column="manageCost" property="manageCost" jdbcType="DECIMAL" />
    <result column="earlyNumber" property="earlyNumber" jdbcType="INTEGER" />
    <result column="finalNumber" property="finalNumber" jdbcType="INTEGER" />
    <result column="singleExcessAmount" property="singleExcessAmount" jdbcType="DECIMAL" />
    <result column="overallExcessAmount" property="overallExcessAmount" jdbcType="DECIMAL" />
    <result column="salesDepartmentID" property="salesDepartmentID" jdbcType="INTEGER" />
    <result column="infoDate" property="infoDate" jdbcType="DATE" />
    <result column="isDelete" property="isDelete" jdbcType="INTEGER" />
  </resultMap>
  <sql id="Base_Column_List" >
    <!--
      WARNING - @mbggenerated
      This element is automatically generated by MyBatis Generator, do not modify.
      This element was generated on Mon Apr 02 18:19:54 CST 2018.
    -->
    id, manageCost, earlyNumber, finalNumber, singleExcessAmount, overallExcessAmount, 
    salesDepartmentID, infoDate, isDelete
  </sql>
  <select id="selectByPrimaryKey" resultMap="BaseResultMap" parameterType="java.lang.Integer" >
    <!--
      WARNING - @mbggenerated
      This element is automatically generated by MyBatis Generator, do not modify.
      This element was generated on Mon Apr 02 18:19:54 CST 2018.
    -->
    select 
    <include refid="Base_Column_List" />
    from everymonthotherinfo
    where id = #{id,jdbcType=INTEGER}
  </select>
  <delete id="deleteByPrimaryKey" parameterType="java.lang.Integer" >
    <!--
      WARNING - @mbggenerated
      This element is automatically generated by MyBatis Generator, do not modify.
      This element was generated on Mon Apr 02 18:19:54 CST 2018.
    -->
    delete from everymonthotherinfo
    where id = #{id,jdbcType=INTEGER}
  </delete>
  <insert id="insert" parameterType="com.qst.scnt.model.everymonthotherinfo" >
    <!--
      WARNING - @mbggenerated
      This element is automatically generated by MyBatis Generator, do not modify.
      This element was generated on Mon Apr 02 18:19:54 CST 2018.
    -->
    insert into everymonthotherinfo (id, manageCost, earlyNumber, 
      finalNumber, singleExcessAmount, overallExcessAmount, 
      salesDepartmentID, infoDate, isDelete
      )
    values (#{id,jdbcType=INTEGER}, #{manageCost,jdbcType=DECIMAL}, #{earlyNumber,jdbcType=INTEGER}, 
      #{finalNumber,jdbcType=INTEGER}, #{singleExcessAmount,jdbcType=DECIMAL}, #{overallExcessAmount,jdbcType=DECIMAL}, 
      #{salesDepartmentID,jdbcType=INTEGER}, #{infoDate,jdbcType=DATE}, #{isDelete,jdbcType=INTEGER}
      )
  </insert>
  <insert id="insertSelective" parameterType="com.qst.scnt.model.everymonthotherinfo" >
    <!--
      WARNING - @mbggenerated
      This element is automatically generated by MyBatis Generator, do not modify.
      This element was generated on Mon Apr 02 18:19:54 CST 2018.
    -->
    insert into everymonthotherinfo
    <trim prefix="(" suffix=")" suffixOverrides="," >
      <if test="id != null" >
        id,
      </if>
      <if test="manageCost != null" >
        manageCost,
      </if>
      <if test="earlyNumber != null" >
        earlyNumber,
      </if>
      <if test="finalNumber != null" >
        finalNumber,
      </if>
      <if test="singleExcessAmount != null" >
        singleExcessAmount,
      </if>
      <if test="overallExcessAmount != null" >
        overallExcessAmount,
      </if>
      <if test="salesDepartmentID != null" >
        salesDepartmentID,
      </if>
      <if test="infoDate != null" >
        infoDate,
      </if>
      <if test="isDelete != null" >
        isDelete,
      </if>
    </trim>
    <trim prefix="values (" suffix=")" suffixOverrides="," >
      <if test="id != null" >
        #{id,jdbcType=INTEGER},
      </if>
      <if test="manageCost != null" >
        #{manageCost,jdbcType=DECIMAL},
      </if>
      <if test="earlyNumber != null" >
        #{earlyNumber,jdbcType=INTEGER},
      </if>
      <if test="finalNumber != null" >
        #{finalNumber,jdbcType=INTEGER},
      </if>
      <if test="singleExcessAmount != null" >
        #{singleExcessAmount,jdbcType=DECIMAL},
      </if>
      <if test="overallExcessAmount != null" >
        #{overallExcessAmount,jdbcType=DECIMAL},
      </if>
      <if test="salesDepartmentID != null" >
        #{salesDepartmentID,jdbcType=INTEGER},
      </if>
      <if test="infoDate != null" >
        #{infoDate,jdbcType=DATE},
      </if>
      <if test="isDelete != null" >
        #{isDelete,jdbcType=INTEGER},
      </if>
    </trim>
  </insert>
  <update id="updateByPrimaryKeySelective" parameterType="com.qst.scnt.model.everymonthotherinfo" >
    <!--
      WARNING - @mbggenerated
      This element is automatically generated by MyBatis Generator, do not modify.
      This element was generated on Mon Apr 02 18:19:54 CST 2018.
    -->
    update everymonthotherinfo
    <set >
      <if test="manageCost != null" >
        manageCost = #{manageCost,jdbcType=DECIMAL},
      </if>
      <if test="earlyNumber != null" >
        earlyNumber = #{earlyNumber,jdbcType=INTEGER},
      </if>
      <if test="finalNumber != null" >
        finalNumber = #{finalNumber,jdbcType=INTEGER},
      </if>
      <if test="singleExcessAmount != null" >
        singleExcessAmount = #{singleExcessAmount,jdbcType=DECIMAL},
      </if>
      <if test="overallExcessAmount != null" >
        overallExcessAmount = #{overallExcessAmount,jdbcType=DECIMAL},
      </if>
      <if test="salesDepartmentID != null" >
        salesDepartmentID = #{salesDepartmentID,jdbcType=INTEGER},
      </if>
      <if test="infoDate != null" >
        infoDate = #{infoDate,jdbcType=DATE},
      </if>
      <if test="isDelete != null" >
        isDelete = #{isDelete,jdbcType=INTEGER},
      </if>
    </set>
    where id = #{id,jdbcType=INTEGER}
  </update>
  <update id="updateByPrimaryKey" parameterType="com.qst.scnt.model.everymonthotherinfo" >
    <!--
      WARNING - @mbggenerated
      This element is automatically generated by MyBatis Generator, do not modify.
      This element was generated on Mon Apr 02 18:19:54 CST 2018.
    -->
    update everymonthotherinfo
    set manageCost = #{manageCost,jdbcType=DECIMAL},
      earlyNumber = #{earlyNumber,jdbcType=INTEGER},
      finalNumber = #{finalNumber,jdbcType=INTEGER},
      singleExcessAmount = #{singleExcessAmount,jdbcType=DECIMAL},
      overallExcessAmount = #{overallExcessAmount,jdbcType=DECIMAL},
      salesDepartmentID = #{salesDepartmentID,jdbcType=INTEGER},
      infoDate = #{infoDate,jdbcType=DATE},
      isDelete = #{isDelete,jdbcType=INTEGER}
    where id = #{id,jdbcType=INTEGER}
  </update>
</mapper>