<?xml version="1.0" encoding="UTF-8" ?>
<!DOCTYPE mapper PUBLIC "-//mybatis.org//DTD Mapper 3.0//EN" "http://mybatis.org/dtd/mybatis-3-mapper.dtd" >
<mapper namespace="com.qst.scnt.model.expenseitemMapper" >
  <resultMap id="BaseResultMap" type="com.qst.scnt.model.expenseitem" >
    <!--
      WARNING - @mbggenerated
      This element is automatically generated by MyBatis Generator, do not modify.
      This element was generated on Mon Apr 02 18:19:54 CST 2018.
    -->
    <id column="id" property="id" jdbcType="INTEGER" />
    <result column="expenseItem" property="expenseItem" jdbcType="VARCHAR" />
  </resultMap>
  <sql id="Base_Column_List" >
    <!--
      WARNING - @mbggenerated
      This element is automatically generated by MyBatis Generator, do not modify.
      This element was generated on Mon Apr 02 18:19:54 CST 2018.
    -->
    id, expenseItem
  </sql>
  <select id="selectByPrimaryKey" resultMap="BaseResultMap" parameterType="java.lang.Integer" >
    <!--
      WARNING - @mbggenerated
      This element is automatically generated by MyBatis Generator, do not modify.
      This element was generated on Mon Apr 02 18:19:54 CST 2018.
    -->
    select 
    <include refid="Base_Column_List" />
    from expenseitem
    where id = #{id,jdbcType=INTEGER}
  </select>
  <delete id="deleteByPrimaryKey" parameterType="java.lang.Integer" >
    <!--
      WARNING - @mbggenerated
      This element is automatically generated by MyBatis Generator, do not modify.
      This element was generated on Mon Apr 02 18:19:54 CST 2018.
    -->
    delete from expenseitem
    where id = #{id,jdbcType=INTEGER}
  </delete>
  <insert id="insert" parameterType="com.qst.scnt.model.expenseitem" >
    <!--
      WARNING - @mbggenerated
      This element is automatically generated by MyBatis Generator, do not modify.
      This element was generated on Mon Apr 02 18:19:54 CST 2018.
    -->
    insert into expenseitem (id, expenseItem)
    values (#{id,jdbcType=INTEGER}, #{expenseItem,jdbcType=VARCHAR})
  </insert>
  <insert id="insertSelective" parameterType="com.qst.scnt.model.expenseitem" >
    <!--
      WARNING - @mbggenerated
      This element is automatically generated by MyBatis Generator, do not modify.
      This element was generated on Mon Apr 02 18:19:54 CST 2018.
    -->
    insert into expenseitem
    <trim prefix="(" suffix=")" suffixOverrides="," >
      <if test="id != null" >
        id,
      </if>
      <if test="expenseItem != null" >
        expenseItem,
      </if>
    </trim>
    <trim prefix="values (" suffix=")" suffixOverrides="," >
      <if test="id != null" >
        #{id,jdbcType=INTEGER},
      </if>
      <if test="expenseItem != null" >
        #{expenseItem,jdbcType=VARCHAR},
      </if>
    </trim>
  </insert>
  <update id="updateByPrimaryKeySelective" parameterType="com.qst.scnt.model.expenseitem" >
    <!--
      WARNING - @mbggenerated
      This element is automatically generated by MyBatis Generator, do not modify.
      This element was generated on Mon Apr 02 18:19:54 CST 2018.
    -->
    update expenseitem
    <set >
      <if test="expenseItem != null" >
        expenseItem = #{expenseItem,jdbcType=VARCHAR},
      </if>
    </set>
    where id = #{id,jdbcType=INTEGER}
  </update>
  <update id="updateByPrimaryKey" parameterType="com.qst.scnt.model.expenseitem" >
    <!--
      WARNING - @mbggenerated
      This element is automatically generated by MyBatis Generator, do not modify.
      This element was generated on Mon Apr 02 18:19:54 CST 2018.
    -->
    update expenseitem
    set expenseItem = #{expenseItem,jdbcType=VARCHAR}
    where id = #{id,jdbcType=INTEGER}
  </update>
</mapper>