<?xml version="1.0" encoding="UTF-8" ?>
<!DOCTYPE mapper PUBLIC "-//mybatis.org//DTD Mapper 3.0//EN" "http://mybatis.org/dtd/mybatis-3-mapper.dtd" >
<mapper namespace="com.qst.scnt.model.orderproductinfoMapper" >
  <resultMap id="BaseResultMap" type="com.qst.scnt.model.orderproductinfo" >
    <!--
      WARNING - @mbggenerated
      This element is automatically generated by MyBatis Generator, do not modify.
      This element was generated on Mon Apr 02 18:19:54 CST 2018.
    -->
    <id column="id" property="id" jdbcType="INTEGER" />
    <result column="orderID" property="orderID" jdbcType="INTEGER" />
    <result column="productID" property="productID" jdbcType="VARCHAR" />
    <result column="amount" property="amount" jdbcType="DECIMAL" />
    <result column="price" property="price" jdbcType="DECIMAL" />
    <result column="totalMoney" property="totalMoney" jdbcType="DECIMAL" />
    <result column="isDelete" property="isDelete" jdbcType="INTEGER" />
  </resultMap>
  <sql id="Base_Column_List" >
    <!--
      WARNING - @mbggenerated
      This element is automatically generated by MyBatis Generator, do not modify.
      This element was generated on Mon Apr 02 18:19:54 CST 2018.
    -->
    id, orderID, productID, amount, price, totalMoney, isDelete
  </sql>
  <select id="selectByPrimaryKey" resultMap="BaseResultMap" parameterType="java.lang.Integer" >
    <!--
      WARNING - @mbggenerated
      This element is automatically generated by MyBatis Generator, do not modify.
      This element was generated on Mon Apr 02 18:19:54 CST 2018.
    -->
    select 
    <include refid="Base_Column_List" />
    from orderproductinfo
    where id = #{id,jdbcType=INTEGER}
  </select>
  <delete id="deleteByPrimaryKey" parameterType="java.lang.Integer" >
    <!--
      WARNING - @mbggenerated
      This element is automatically generated by MyBatis Generator, do not modify.
      This element was generated on Mon Apr 02 18:19:54 CST 2018.
    -->
    delete from orderproductinfo
    where id = #{id,jdbcType=INTEGER}
  </delete>
  <insert id="insert" parameterType="com.qst.scnt.model.orderproductinfo" >
    <!--
      WARNING - @mbggenerated
      This element is automatically generated by MyBatis Generator, do not modify.
      This element was generated on Mon Apr 02 18:19:54 CST 2018.
    -->
    insert into orderproductinfo (id, orderID, productID, 
      amount, price, totalMoney, 
      isDelete)
    values (#{id,jdbcType=INTEGER}, #{orderID,jdbcType=INTEGER}, #{productID,jdbcType=VARCHAR}, 
      #{amount,jdbcType=DECIMAL}, #{price,jdbcType=DECIMAL}, #{totalMoney,jdbcType=DECIMAL}, 
      #{isDelete,jdbcType=INTEGER})
  </insert>
  <insert id="insertSelective" parameterType="com.qst.scnt.model.orderproductinfo" >
    <!--
      WARNING - @mbggenerated
      This element is automatically generated by MyBatis Generator, do not modify.
      This element was generated on Mon Apr 02 18:19:54 CST 2018.
    -->
    insert into orderproductinfo
    <trim prefix="(" suffix=")" suffixOverrides="," >
      <if test="id != null" >
        id,
      </if>
      <if test="orderID != null" >
        orderID,
      </if>
      <if test="productID != null" >
        productID,
      </if>
      <if test="amount != null" >
        amount,
      </if>
      <if test="price != null" >
        price,
      </if>
      <if test="totalMoney != null" >
        totalMoney,
      </if>
      <if test="isDelete != null" >
        isDelete,
      </if>
    </trim>
    <trim prefix="values (" suffix=")" suffixOverrides="," >
      <if test="id != null" >
        #{id,jdbcType=INTEGER},
      </if>
      <if test="orderID != null" >
        #{orderID,jdbcType=INTEGER},
      </if>
      <if test="productID != null" >
        #{productID,jdbcType=VARCHAR},
      </if>
      <if test="amount != null" >
        #{amount,jdbcType=DECIMAL},
      </if>
      <if test="price != null" >
        #{price,jdbcType=DECIMAL},
      </if>
      <if test="totalMoney != null" >
        #{totalMoney,jdbcType=DECIMAL},
      </if>
      <if test="isDelete != null" >
        #{isDelete,jdbcType=INTEGER},
      </if>
    </trim>
  </insert>
  <update id="updateByPrimaryKeySelective" parameterType="com.qst.scnt.model.orderproductinfo" >
    <!--
      WARNING - @mbggenerated
      This element is automatically generated by MyBatis Generator, do not modify.
      This element was generated on Mon Apr 02 18:19:54 CST 2018.
    -->
    update orderproductinfo
    <set >
      <if test="orderID != null" >
        orderID = #{orderID,jdbcType=INTEGER},
      </if>
      <if test="productID != null" >
        productID = #{productID,jdbcType=VARCHAR},
      </if>
      <if test="amount != null" >
        amount = #{amount,jdbcType=DECIMAL},
      </if>
      <if test="price != null" >
        price = #{price,jdbcType=DECIMAL},
      </if>
      <if test="totalMoney != null" >
        totalMoney = #{totalMoney,jdbcType=DECIMAL},
      </if>
      <if test="isDelete != null" >
        isDelete = #{isDelete,jdbcType=INTEGER},
      </if>
    </set>
    where id = #{id,jdbcType=INTEGER}
  </update>
  <update id="updateByPrimaryKey" parameterType="com.qst.scnt.model.orderproductinfo" >
    <!--
      WARNING - @mbggenerated
      This element is automatically generated by MyBatis Generator, do not modify.
      This element was generated on Mon Apr 02 18:19:54 CST 2018.
    -->
    update orderproductinfo
    set orderID = #{orderID,jdbcType=INTEGER},
      productID = #{productID,jdbcType=VARCHAR},
      amount = #{amount,jdbcType=DECIMAL},
      price = #{price,jdbcType=DECIMAL},
      totalMoney = #{totalMoney,jdbcType=DECIMAL},
      isDelete = #{isDelete,jdbcType=INTEGER}
    where id = #{id,jdbcType=INTEGER}
  </update>
</mapper>