<?xml version="1.0" encoding="UTF-8" ?>
<!DOCTYPE mapper PUBLIC "-//mybatis.org//DTD Mapper 3.0//EN" "http://mybatis.org/dtd/mybatis-3-mapper.dtd" >
<mapper namespace="com.qst.scnt.model.orderinfoMapper" >
  <resultMap id="BaseResultMap" type="com.qst.scnt.model.orderinfo" >
    <!--
      WARNING - @mbggenerated
      This element is automatically generated by MyBatis Generator, do not modify.
      This element was generated on Mon Apr 02 18:19:54 CST 2018.
    -->
    <id column="id" property="id" jdbcType="INTEGER" />
    <result column="orderCode" property="orderCode" jdbcType="VARCHAR" />
    <result column="customerType" property="customerType" jdbcType="VARCHAR" />
    <result column="customerPhone" property="customerPhone" jdbcType="VARCHAR" />
    <result column="customerName" property="customerName" jdbcType="VARCHAR" />
    <result column="customerAddress" property="customerAddress" jdbcType="DECIMAL" />
    <result column="orderDate" property="orderDate" jdbcType="DATE" />
    <result column="orderAmount" property="orderAmount" jdbcType="DECIMAL" />
    <result column="healthMember" property="healthMember" jdbcType="VARCHAR" />
    <result column="customerSign" property="customerSign" jdbcType="VARCHAR" />
    <result column="salesDepartmentID" property="salesDepartmentID" jdbcType="INTEGER" />
    <result column="isDelete" property="isDelete" jdbcType="INTEGER" />
  </resultMap>
  <sql id="Base_Column_List" >
    <!--
      WARNING - @mbggenerated
      This element is automatically generated by MyBatis Generator, do not modify.
      This element was generated on Mon Apr 02 18:19:54 CST 2018.
    -->
    id, orderCode, customerType, customerPhone, customerName, customerAddress, orderDate, 
    orderAmount, healthMember, customerSign, salesDepartmentID, isDelete
  </sql>
  <select id="selectByPrimaryKey" resultMap="BaseResultMap" parameterType="java.lang.Integer" >
    <!--
      WARNING - @mbggenerated
      This element is automatically generated by MyBatis Generator, do not modify.
      This element was generated on Mon Apr 02 18:19:54 CST 2018.
    -->
    select 
    <include refid="Base_Column_List" />
    from orderinfo
    where id = #{id,jdbcType=INTEGER}
  </select>
  <delete id="deleteByPrimaryKey" parameterType="java.lang.Integer" >
    <!--
      WARNING - @mbggenerated
      This element is automatically generated by MyBatis Generator, do not modify.
      This element was generated on Mon Apr 02 18:19:54 CST 2018.
    -->
    delete from orderinfo
    where id = #{id,jdbcType=INTEGER}
  </delete>
  <insert id="insert" parameterType="com.qst.scnt.model.orderinfo" >
    <!--
      WARNING - @mbggenerated
      This element is automatically generated by MyBatis Generator, do not modify.
      This element was generated on Mon Apr 02 18:19:54 CST 2018.
    -->
    insert into orderinfo (id, orderCode, customerType, 
      customerPhone, customerName, customerAddress, 
      orderDate, orderAmount, healthMember, 
      customerSign, salesDepartmentID, isDelete
      )
    values (#{id,jdbcType=INTEGER}, #{orderCode,jdbcType=VARCHAR}, #{customerType,jdbcType=VARCHAR}, 
      #{customerPhone,jdbcType=VARCHAR}, #{customerName,jdbcType=VARCHAR}, #{customerAddress,jdbcType=DECIMAL}, 
      #{orderDate,jdbcType=DATE}, #{orderAmount,jdbcType=DECIMAL}, #{healthMember,jdbcType=VARCHAR}, 
      #{customerSign,jdbcType=VARCHAR}, #{salesDepartmentID,jdbcType=INTEGER}, #{isDelete,jdbcType=INTEGER}
      )
  </insert>
  <insert id="insertSelective" parameterType="com.qst.scnt.model.orderinfo" >
    <!--
      WARNING - @mbggenerated
      This element is automatically generated by MyBatis Generator, do not modify.
      This element was generated on Mon Apr 02 18:19:54 CST 2018.
    -->
    insert into orderinfo
    <trim prefix="(" suffix=")" suffixOverrides="," >
      <if test="id != null" >
        id,
      </if>
      <if test="orderCode != null" >
        orderCode,
      </if>
      <if test="customerType != null" >
        customerType,
      </if>
      <if test="customerPhone != null" >
        customerPhone,
      </if>
      <if test="customerName != null" >
        customerName,
      </if>
      <if test="customerAddress != null" >
        customerAddress,
      </if>
      <if test="orderDate != null" >
        orderDate,
      </if>
      <if test="orderAmount != null" >
        orderAmount,
      </if>
      <if test="healthMember != null" >
        healthMember,
      </if>
      <if test="customerSign != null" >
        customerSign,
      </if>
      <if test="salesDepartmentID != null" >
        salesDepartmentID,
      </if>
      <if test="isDelete != null" >
        isDelete,
      </if>
    </trim>
    <trim prefix="values (" suffix=")" suffixOverrides="," >
      <if test="id != null" >
        #{id,jdbcType=INTEGER},
      </if>
      <if test="orderCode != null" >
        #{orderCode,jdbcType=VARCHAR},
      </if>
      <if test="customerType != null" >
        #{customerType,jdbcType=VARCHAR},
      </if>
      <if test="customerPhone != null" >
        #{customerPhone,jdbcType=VARCHAR},
      </if>
      <if test="customerName != null" >
        #{customerName,jdbcType=VARCHAR},
      </if>
      <if test="customerAddress != null" >
        #{customerAddress,jdbcType=DECIMAL},
      </if>
      <if test="orderDate != null" >
        #{orderDate,jdbcType=DATE},
      </if>
      <if test="orderAmount != null" >
        #{orderAmount,jdbcType=DECIMAL},
      </if>
      <if test="healthMember != null" >
        #{healthMember,jdbcType=VARCHAR},
      </if>
      <if test="customerSign != null" >
        #{customerSign,jdbcType=VARCHAR},
      </if>
      <if test="salesDepartmentID != null" >
        #{salesDepartmentID,jdbcType=INTEGER},
      </if>
      <if test="isDelete != null" >
        #{isDelete,jdbcType=INTEGER},
      </if>
    </trim>
  </insert>
  <update id="updateByPrimaryKeySelective" parameterType="com.qst.scnt.model.orderinfo" >
    <!--
      WARNING - @mbggenerated
      This element is automatically generated by MyBatis Generator, do not modify.
      This element was generated on Mon Apr 02 18:19:54 CST 2018.
    -->
    update orderinfo
    <set >
      <if test="orderCode != null" >
        orderCode = #{orderCode,jdbcType=VARCHAR},
      </if>
      <if test="customerType != null" >
        customerType = #{customerType,jdbcType=VARCHAR},
      </if>
      <if test="customerPhone != null" >
        customerPhone = #{customerPhone,jdbcType=VARCHAR},
      </if>
      <if test="customerName != null" >
        customerName = #{customerName,jdbcType=VARCHAR},
      </if>
      <if test="customerAddress != null" >
        customerAddress = #{customerAddress,jdbcType=DECIMAL},
      </if>
      <if test="orderDate != null" >
        orderDate = #{orderDate,jdbcType=DATE},
      </if>
      <if test="orderAmount != null" >
        orderAmount = #{orderAmount,jdbcType=DECIMAL},
      </if>
      <if test="healthMember != null" >
        healthMember = #{healthMember,jdbcType=VARCHAR},
      </if>
      <if test="customerSign != null" >
        customerSign = #{customerSign,jdbcType=VARCHAR},
      </if>
      <if test="salesDepartmentID != null" >
        salesDepartmentID = #{salesDepartmentID,jdbcType=INTEGER},
      </if>
      <if test="isDelete != null" >
        isDelete = #{isDelete,jdbcType=INTEGER},
      </if>
    </set>
    where id = #{id,jdbcType=INTEGER}
  </update>
  <update id="updateByPrimaryKey" parameterType="com.qst.scnt.model.orderinfo" >
    <!--
      WARNING - @mbggenerated
      This element is automatically generated by MyBatis Generator, do not modify.
      This element was generated on Mon Apr 02 18:19:54 CST 2018.
    -->
    update orderinfo
    set orderCode = #{orderCode,jdbcType=VARCHAR},
      customerType = #{customerType,jdbcType=VARCHAR},
      customerPhone = #{customerPhone,jdbcType=VARCHAR},
      customerName = #{customerName,jdbcType=VARCHAR},
      customerAddress = #{customerAddress,jdbcType=DECIMAL},
      orderDate = #{orderDate,jdbcType=DATE},
      orderAmount = #{orderAmount,jdbcType=DECIMAL},
      healthMember = #{healthMember,jdbcType=VARCHAR},
      customerSign = #{customerSign,jdbcType=VARCHAR},
      salesDepartmentID = #{salesDepartmentID,jdbcType=INTEGER},
      isDelete = #{isDelete,jdbcType=INTEGER}
    where id = #{id,jdbcType=INTEGER}
  </update>
</mapper>