<?xml version="1.0" encoding="UTF-8" ?>
<!DOCTYPE mapper PUBLIC "-//mybatis.org//DTD Mapper 3.0//EN" "http://mybatis.org/dtd/mybatis-3-mapper.dtd" >
<mapper namespace="com.qst.scnt.model.productinfoMapper" >
  <resultMap id="BaseResultMap" type="com.qst.scnt.model.productinfo" >
    <!--
      WARNING - @mbggenerated
      This element is automatically generated by MyBatis Generator, do not modify.
      This element was generated on Mon Apr 02 18:19:54 CST 2018.
    -->
    <id column="id" property="id" jdbcType="INTEGER" />
    <result column="productName" property="productName" jdbcType="VARCHAR" />
    <result column="productUnit" property="productUnit" jdbcType="VARCHAR" />
    <result column="productPrice" property="productPrice" jdbcType="DECIMAL" />
    <result column="isDelete" property="isDelete" jdbcType="INTEGER" />
  </resultMap>
  <sql id="Base_Column_List" >
    <!--
      WARNING - @mbggenerated
      This element is automatically generated by MyBatis Generator, do not modify.
      This element was generated on Mon Apr 02 18:19:54 CST 2018.
    -->
    id, productName, productUnit, productPrice, isDelete
  </sql>
  <select id="selectByPrimaryKey" resultMap="BaseResultMap" parameterType="java.lang.Integer" >
    <!--
      WARNING - @mbggenerated
      This element is automatically generated by MyBatis Generator, do not modify.
      This element was generated on Mon Apr 02 18:19:54 CST 2018.
    -->
    select 
    <include refid="Base_Column_List" />
    from productinfo
    where id = #{id,jdbcType=INTEGER}
  </select>
  <delete id="deleteByPrimaryKey" parameterType="java.lang.Integer" >
    <!--
      WARNING - @mbggenerated
      This element is automatically generated by MyBatis Generator, do not modify.
      This element was generated on Mon Apr 02 18:19:54 CST 2018.
    -->
    delete from productinfo
    where id = #{id,jdbcType=INTEGER}
  </delete>
  <insert id="insert" parameterType="com.qst.scnt.model.productinfo" >
    <!--
      WARNING - @mbggenerated
      This element is automatically generated by MyBatis Generator, do not modify.
      This element was generated on Mon Apr 02 18:19:54 CST 2018.
    -->
    insert into productinfo (id, productName, productUnit, 
      productPrice, isDelete)
    values (#{id,jdbcType=INTEGER}, #{productName,jdbcType=VARCHAR}, #{productUnit,jdbcType=VARCHAR}, 
      #{productPrice,jdbcType=DECIMAL}, #{isDelete,jdbcType=INTEGER})
  </insert>
  <insert id="insertSelective" parameterType="com.qst.scnt.model.productinfo" >
    <!--
      WARNING - @mbggenerated
      This element is automatically generated by MyBatis Generator, do not modify.
      This element was generated on Mon Apr 02 18:19:54 CST 2018.
    -->
    insert into productinfo
    <trim prefix="(" suffix=")" suffixOverrides="," >
      <if test="id != null" >
        id,
      </if>
      <if test="productName != null" >
        productName,
      </if>
      <if test="productUnit != null" >
        productUnit,
      </if>
      <if test="productPrice != null" >
        productPrice,
      </if>
      <if test="isDelete != null" >
        isDelete,
      </if>
    </trim>
    <trim prefix="values (" suffix=")" suffixOverrides="," >
      <if test="id != null" >
        #{id,jdbcType=INTEGER},
      </if>
      <if test="productName != null" >
        #{productName,jdbcType=VARCHAR},
      </if>
      <if test="productUnit != null" >
        #{productUnit,jdbcType=VARCHAR},
      </if>
      <if test="productPrice != null" >
        #{productPrice,jdbcType=DECIMAL},
      </if>
      <if test="isDelete != null" >
        #{isDelete,jdbcType=INTEGER},
      </if>
    </trim>
  </insert>
  <update id="updateByPrimaryKeySelective" parameterType="com.qst.scnt.model.productinfo" >
    <!--
      WARNING - @mbggenerated
      This element is automatically generated by MyBatis Generator, do not modify.
      This element was generated on Mon Apr 02 18:19:54 CST 2018.
    -->
    update productinfo
    <set >
      <if test="productName != null" >
        productName = #{productName,jdbcType=VARCHAR},
      </if>
      <if test="productUnit != null" >
        productUnit = #{productUnit,jdbcType=VARCHAR},
      </if>
      <if test="productPrice != null" >
        productPrice = #{productPrice,jdbcType=DECIMAL},
      </if>
      <if test="isDelete != null" >
        isDelete = #{isDelete,jdbcType=INTEGER},
      </if>
    </set>
    where id = #{id,jdbcType=INTEGER}
  </update>
  <update id="updateByPrimaryKey" parameterType="com.qst.scnt.model.productinfo" >
    <!--
      WARNING - @mbggenerated
      This element is automatically generated by MyBatis Generator, do not modify.
      This element was generated on Mon Apr 02 18:19:54 CST 2018.
    -->
    update productinfo
    set productName = #{productName,jdbcType=VARCHAR},
      productUnit = #{productUnit,jdbcType=VARCHAR},
      productPrice = #{productPrice,jdbcType=DECIMAL},
      isDelete = #{isDelete,jdbcType=INTEGER}
    where id = #{id,jdbcType=INTEGER}
  </update>
</mapper>