<?xml version="1.0" encoding="UTF-8" ?>
<!DOCTYPE mapper PUBLIC "-//mybatis.org//DTD Mapper 3.0//EN" "http://mybatis.org/dtd/mybatis-3-mapper.dtd" >
<mapper namespace="com.qst.scnt.model.receiptinfoMapper" >
  <resultMap id="BaseResultMap" type="com.qst.scnt.model.receiptinfo" >
    <!--
      WARNING - @mbggenerated
      This element is automatically generated by MyBatis Generator, do not modify.
      This element was generated on Mon Apr 02 18:19:54 CST 2018.
    -->
    <id column="id" property="id" jdbcType="INTEGER" />
    <result column="orderID" property="orderID" jdbcType="INTEGER" />
    <result column="receiptDate" property="receiptDate" jdbcType="DATE" />
    <result column="receiptAmount" property="receiptAmount" jdbcType="DECIMAL" />
    <result column="receiptMenber" property="receiptMenber" jdbcType="VARCHAR" />
    <result column="salesDepartmentID" property="salesDepartmentID" jdbcType="INTEGER" />
    <result column="remark" property="remark" jdbcType="VARCHAR" />
    <result column="isDelete" property="isDelete" jdbcType="INTEGER" />
  </resultMap>
  <sql id="Base_Column_List" >
    <!--
      WARNING - @mbggenerated
      This element is automatically generated by MyBatis Generator, do not modify.
      This element was generated on Mon Apr 02 18:19:54 CST 2018.
    -->
    id, orderID, receiptDate, receiptAmount, receiptMenber, salesDepartmentID, remark, 
    isDelete
  </sql>
  <select id="selectByPrimaryKey" resultMap="BaseResultMap" parameterType="java.lang.Integer" >
    <!--
      WARNING - @mbggenerated
      This element is automatically generated by MyBatis Generator, do not modify.
      This element was generated on Mon Apr 02 18:19:54 CST 2018.
    -->
    select 
    <include refid="Base_Column_List" />
    from receiptinfo
    where id = #{id,jdbcType=INTEGER}
  </select>
  <delete id="deleteByPrimaryKey" parameterType="java.lang.Integer" >
    <!--
      WARNING - @mbggenerated
      This element is automatically generated by MyBatis Generator, do not modify.
      This element was generated on Mon Apr 02 18:19:54 CST 2018.
    -->
    delete from receiptinfo
    where id = #{id,jdbcType=INTEGER}
  </delete>
  <insert id="insert" parameterType="com.qst.scnt.model.receiptinfo" >
    <!--
      WARNING - @mbggenerated
      This element is automatically generated by MyBatis Generator, do not modify.
      This element was generated on Mon Apr 02 18:19:54 CST 2018.
    -->
    insert into receiptinfo (id, orderID, receiptDate, 
      receiptAmount, receiptMenber, salesDepartmentID, 
      remark, isDelete)
    values (#{id,jdbcType=INTEGER}, #{orderID,jdbcType=INTEGER}, #{receiptDate,jdbcType=DATE}, 
      #{receiptAmount,jdbcType=DECIMAL}, #{receiptMenber,jdbcType=VARCHAR}, #{salesDepartmentID,jdbcType=INTEGER}, 
      #{remark,jdbcType=VARCHAR}, #{isDelete,jdbcType=INTEGER})
  </insert>
  <insert id="insertSelective" parameterType="com.qst.scnt.model.receiptinfo" >
    <!--
      WARNING - @mbggenerated
      This element is automatically generated by MyBatis Generator, do not modify.
      This element was generated on Mon Apr 02 18:19:54 CST 2018.
    -->
    insert into receiptinfo
    <trim prefix="(" suffix=")" suffixOverrides="," >
      <if test="id != null" >
        id,
      </if>
      <if test="orderID != null" >
        orderID,
      </if>
      <if test="receiptDate != null" >
        receiptDate,
      </if>
      <if test="receiptAmount != null" >
        receiptAmount,
      </if>
      <if test="receiptMenber != null" >
        receiptMenber,
      </if>
      <if test="salesDepartmentID != null" >
        salesDepartmentID,
      </if>
      <if test="remark != null" >
        remark,
      </if>
      <if test="isDelete != null" >
        isDelete,
      </if>
    </trim>
    <trim prefix="values (" suffix=")" suffixOverrides="," >
      <if test="id != null" >
        #{id,jdbcType=INTEGER},
      </if>
      <if test="orderID != null" >
        #{orderID,jdbcType=INTEGER},
      </if>
      <if test="receiptDate != null" >
        #{receiptDate,jdbcType=DATE},
      </if>
      <if test="receiptAmount != null" >
        #{receiptAmount,jdbcType=DECIMAL},
      </if>
      <if test="receiptMenber != null" >
        #{receiptMenber,jdbcType=VARCHAR},
      </if>
      <if test="salesDepartmentID != null" >
        #{salesDepartmentID,jdbcType=INTEGER},
      </if>
      <if test="remark != null" >
        #{remark,jdbcType=VARCHAR},
      </if>
      <if test="isDelete != null" >
        #{isDelete,jdbcType=INTEGER},
      </if>
    </trim>
  </insert>
  <update id="updateByPrimaryKeySelective" parameterType="com.qst.scnt.model.receiptinfo" >
    <!--
      WARNING - @mbggenerated
      This element is automatically generated by MyBatis Generator, do not modify.
      This element was generated on Mon Apr 02 18:19:54 CST 2018.
    -->
    update receiptinfo
    <set >
      <if test="orderID != null" >
        orderID = #{orderID,jdbcType=INTEGER},
      </if>
      <if test="receiptDate != null" >
        receiptDate = #{receiptDate,jdbcType=DATE},
      </if>
      <if test="receiptAmount != null" >
        receiptAmount = #{receiptAmount,jdbcType=DECIMAL},
      </if>
      <if test="receiptMenber != null" >
        receiptMenber = #{receiptMenber,jdbcType=VARCHAR},
      </if>
      <if test="salesDepartmentID != null" >
        salesDepartmentID = #{salesDepartmentID,jdbcType=INTEGER},
      </if>
      <if test="remark != null" >
        remark = #{remark,jdbcType=VARCHAR},
      </if>
      <if test="isDelete != null" >
        isDelete = #{isDelete,jdbcType=INTEGER},
      </if>
    </set>
    where id = #{id,jdbcType=INTEGER}
  </update>
  <update id="updateByPrimaryKey" parameterType="com.qst.scnt.model.receiptinfo" >
    <!--
      WARNING - @mbggenerated
      This element is automatically generated by MyBatis Generator, do not modify.
      This element was generated on Mon Apr 02 18:19:54 CST 2018.
    -->
    update receiptinfo
    set orderID = #{orderID,jdbcType=INTEGER},
      receiptDate = #{receiptDate,jdbcType=DATE},
      receiptAmount = #{receiptAmount,jdbcType=DECIMAL},
      receiptMenber = #{receiptMenber,jdbcType=VARCHAR},
      salesDepartmentID = #{salesDepartmentID,jdbcType=INTEGER},
      remark = #{remark,jdbcType=VARCHAR},
      isDelete = #{isDelete,jdbcType=INTEGER}
    where id = #{id,jdbcType=INTEGER}
  </update>
</mapper>