<?xml version="1.0" encoding="UTF-8" ?>
<!DOCTYPE mapper PUBLIC "-//mybatis.org//DTD Mapper 3.0//EN" "http://mybatis.org/dtd/mybatis-3-mapper.dtd" >
<mapper namespace="com.qst.scnt.model.salesdepartmentinfoMapper" >
  <resultMap id="BaseResultMap" type="com.qst.scnt.model.salesdepartmentinfo" >
    <!--
      WARNING - @mbggenerated
      This element is automatically generated by MyBatis Generator, do not modify.
      This element was generated on Mon Apr 02 18:19:54 CST 2018.
    -->
    <id column="id" property="id" jdbcType="INTEGER" />
    <result column="salesDepartmentName" property="salesDepartmentName" jdbcType="VARCHAR" />
    <result column="salesDepartmentAddress" property="salesDepartmentAddress" jdbcType="VARCHAR" />
    <result column="salesDepartmentPhone" property="salesDepartmentPhone" jdbcType="VARCHAR" />
    <result column="parentID" property="parentID" jdbcType="INTEGER" />
    <result column="isDelete" property="isDelete" jdbcType="INTEGER" />
  </resultMap>
  <sql id="Base_Column_List" >
    <!--
      WARNING - @mbggenerated
      This element is automatically generated by MyBatis Generator, do not modify.
      This element was generated on Mon Apr 02 18:19:54 CST 2018.
    -->
    id, salesDepartmentName, salesDepartmentAddress, salesDepartmentPhone, parentID, 
    isDelete
  </sql>
  <select id="selectByPrimaryKey" resultMap="BaseResultMap" parameterType="java.lang.Integer" >
    <!--
      WARNING - @mbggenerated
      This element is automatically generated by MyBatis Generator, do not modify.
      This element was generated on Mon Apr 02 18:19:54 CST 2018.
    -->
    select 
    <include refid="Base_Column_List" />
    from salesdepartmentinfo
    where id = #{id,jdbcType=INTEGER}
  </select>
  <delete id="deleteByPrimaryKey" parameterType="java.lang.Integer" >
    <!--
      WARNING - @mbggenerated
      This element is automatically generated by MyBatis Generator, do not modify.
      This element was generated on Mon Apr 02 18:19:54 CST 2018.
    -->
    delete from salesdepartmentinfo
    where id = #{id,jdbcType=INTEGER}
  </delete>
  <insert id="insert" parameterType="com.qst.scnt.model.salesdepartmentinfo" >
    <!--
      WARNING - @mbggenerated
      This element is automatically generated by MyBatis Generator, do not modify.
      This element was generated on Mon Apr 02 18:19:54 CST 2018.
    -->
    insert into salesdepartmentinfo (id, salesDepartmentName, salesDepartmentAddress, 
      salesDepartmentPhone, parentID, isDelete
      )
    values (#{id,jdbcType=INTEGER}, #{salesDepartmentName,jdbcType=VARCHAR}, #{salesDepartmentAddress,jdbcType=VARCHAR}, 
      #{salesDepartmentPhone,jdbcType=VARCHAR}, #{parentID,jdbcType=INTEGER}, #{isDelete,jdbcType=INTEGER}
      )
  </insert>
  <insert id="insertSelective" parameterType="com.qst.scnt.model.salesdepartmentinfo" >
    <!--
      WARNING - @mbggenerated
      This element is automatically generated by MyBatis Generator, do not modify.
      This element was generated on Mon Apr 02 18:19:54 CST 2018.
    -->
    insert into salesdepartmentinfo
    <trim prefix="(" suffix=")" suffixOverrides="," >
      <if test="id != null" >
        id,
      </if>
      <if test="salesDepartmentName != null" >
        salesDepartmentName,
      </if>
      <if test="salesDepartmentAddress != null" >
        salesDepartmentAddress,
      </if>
      <if test="salesDepartmentPhone != null" >
        salesDepartmentPhone,
      </if>
      <if test="parentID != null" >
        parentID,
      </if>
      <if test="isDelete != null" >
        isDelete,
      </if>
    </trim>
    <trim prefix="values (" suffix=")" suffixOverrides="," >
      <if test="id != null" >
        #{id,jdbcType=INTEGER},
      </if>
      <if test="salesDepartmentName != null" >
        #{salesDepartmentName,jdbcType=VARCHAR},
      </if>
      <if test="salesDepartmentAddress != null" >
        #{salesDepartmentAddress,jdbcType=VARCHAR},
      </if>
      <if test="salesDepartmentPhone != null" >
        #{salesDepartmentPhone,jdbcType=VARCHAR},
      </if>
      <if test="parentID != null" >
        #{parentID,jdbcType=INTEGER},
      </if>
      <if test="isDelete != null" >
        #{isDelete,jdbcType=INTEGER},
      </if>
    </trim>
  </insert>
  <update id="updateByPrimaryKeySelective" parameterType="com.qst.scnt.model.salesdepartmentinfo" >
    <!--
      WARNING - @mbggenerated
      This element is automatically generated by MyBatis Generator, do not modify.
      This element was generated on Mon Apr 02 18:19:54 CST 2018.
    -->
    update salesdepartmentinfo
    <set >
      <if test="salesDepartmentName != null" >
        salesDepartmentName = #{salesDepartmentName,jdbcType=VARCHAR},
      </if>
      <if test="salesDepartmentAddress != null" >
        salesDepartmentAddress = #{salesDepartmentAddress,jdbcType=VARCHAR},
      </if>
      <if test="salesDepartmentPhone != null" >
        salesDepartmentPhone = #{salesDepartmentPhone,jdbcType=VARCHAR},
      </if>
      <if test="parentID != null" >
        parentID = #{parentID,jdbcType=INTEGER},
      </if>
      <if test="isDelete != null" >
        isDelete = #{isDelete,jdbcType=INTEGER},
      </if>
    </set>
    where id = #{id,jdbcType=INTEGER}
  </update>
  <update id="updateByPrimaryKey" parameterType="com.qst.scnt.model.salesdepartmentinfo" >
    <!--
      WARNING - @mbggenerated
      This element is automatically generated by MyBatis Generator, do not modify.
      This element was generated on Mon Apr 02 18:19:54 CST 2018.
    -->
    update salesdepartmentinfo
    set salesDepartmentName = #{salesDepartmentName,jdbcType=VARCHAR},
      salesDepartmentAddress = #{salesDepartmentAddress,jdbcType=VARCHAR},
      salesDepartmentPhone = #{salesDepartmentPhone,jdbcType=VARCHAR},
      parentID = #{parentID,jdbcType=INTEGER},
      isDelete = #{isDelete,jdbcType=INTEGER}
    where id = #{id,jdbcType=INTEGER}
  </update>
</mapper>