<?xml version="1.0" encoding="UTF-8" ?>
<!DOCTYPE mapper PUBLIC "-//mybatis.org//DTD Mapper 3.0//EN" "http://mybatis.org/dtd/mybatis-3-mapper.dtd" >
<mapper namespace="com.qst.scnt.model.userinfoMapper" >
  <resultMap id="BaseResultMap" type="com.qst.scnt.model.userinfo" >
    <!--
      WARNING - @mbggenerated
      This element is automatically generated by MyBatis Generator, do not modify.
      This element was generated on Mon Apr 02 18:19:54 CST 2018.
    -->
    <id column="id" property="id" jdbcType="INTEGER" />
    <result column="userName" property="userName" jdbcType="VARCHAR" />
    <result column="pwd" property="pwd" jdbcType="VARCHAR" />
    <result column="userPhone" property="userPhone" jdbcType="VARCHAR" />
    <result column="userEmail" property="userEmail" jdbcType="VARCHAR" />
    <result column="salesDepartmentID" property="salesDepartmentID" jdbcType="INTEGER" />
    <result column="isDelete" property="isDelete" jdbcType="INTEGER" />
  </resultMap>
  <sql id="Base_Column_List" >
    <!--
      WARNING - @mbggenerated
      This element is automatically generated by MyBatis Generator, do not modify.
      This element was generated on Mon Apr 02 18:19:54 CST 2018.
    -->
    id, userName, pwd, userPhone, userEmail, salesDepartmentID, isDelete
  </sql>
  <select id="selectByPrimaryKey" resultMap="BaseResultMap" parameterType="java.lang.Integer" >
    <!--
      WARNING - @mbggenerated
      This element is automatically generated by MyBatis Generator, do not modify.
      This element was generated on Mon Apr 02 18:19:54 CST 2018.
    -->
    select 
    <include refid="Base_Column_List" />
    from userinfo
    where id = #{id,jdbcType=INTEGER}
  </select>
  <delete id="deleteByPrimaryKey" parameterType="java.lang.Integer" >
    <!--
      WARNING - @mbggenerated
      This element is automatically generated by MyBatis Generator, do not modify.
      This element was generated on Mon Apr 02 18:19:54 CST 2018.
    -->
    delete from userinfo
    where id = #{id,jdbcType=INTEGER}
  </delete>
  <insert id="insert" parameterType="com.qst.scnt.model.userinfo" >
    <!--
      WARNING - @mbggenerated
      This element is automatically generated by MyBatis Generator, do not modify.
      This element was generated on Mon Apr 02 18:19:54 CST 2018.
    -->
    insert into userinfo (id, userName, pwd, 
      userPhone, userEmail, salesDepartmentID, 
      isDelete)
    values (#{id,jdbcType=INTEGER}, #{userName,jdbcType=VARCHAR}, #{pwd,jdbcType=VARCHAR}, 
      #{userPhone,jdbcType=VARCHAR}, #{userEmail,jdbcType=VARCHAR}, #{salesDepartmentID,jdbcType=INTEGER}, 
      #{isDelete,jdbcType=INTEGER})
  </insert>
  <insert id="insertSelective" parameterType="com.qst.scnt.model.userinfo" >
    <!--
      WARNING - @mbggenerated
      This element is automatically generated by MyBatis Generator, do not modify.
      This element was generated on Mon Apr 02 18:19:54 CST 2018.
    -->
    insert into userinfo
    <trim prefix="(" suffix=")" suffixOverrides="," >
      <if test="id != null" >
        id,
      </if>
      <if test="userName != null" >
        userName,
      </if>
      <if test="pwd != null" >
        pwd,
      </if>
      <if test="userPhone != null" >
        userPhone,
      </if>
      <if test="userEmail != null" >
        userEmail,
      </if>
      <if test="salesDepartmentID != null" >
        salesDepartmentID,
      </if>
      <if test="isDelete != null" >
        isDelete,
      </if>
    </trim>
    <trim prefix="values (" suffix=")" suffixOverrides="," >
      <if test="id != null" >
        #{id,jdbcType=INTEGER},
      </if>
      <if test="userName != null" >
        #{userName,jdbcType=VARCHAR},
      </if>
      <if test="pwd != null" >
        #{pwd,jdbcType=VARCHAR},
      </if>
      <if test="userPhone != null" >
        #{userPhone,jdbcType=VARCHAR},
      </if>
      <if test="userEmail != null" >
        #{userEmail,jdbcType=VARCHAR},
      </if>
      <if test="salesDepartmentID != null" >
        #{salesDepartmentID,jdbcType=INTEGER},
      </if>
      <if test="isDelete != null" >
        #{isDelete,jdbcType=INTEGER},
      </if>
    </trim>
  </insert>
  <update id="updateByPrimaryKeySelective" parameterType="com.qst.scnt.model.userinfo" >
    <!--
      WARNING - @mbggenerated
      This element is automatically generated by MyBatis Generator, do not modify.
      This element was generated on Mon Apr 02 18:19:54 CST 2018.
    -->
    update userinfo
    <set >
      <if test="userName != null" >
        userName = #{userName,jdbcType=VARCHAR},
      </if>
      <if test="pwd != null" >
        pwd = #{pwd,jdbcType=VARCHAR},
      </if>
      <if test="userPhone != null" >
        userPhone = #{userPhone,jdbcType=VARCHAR},
      </if>
      <if test="userEmail != null" >
        userEmail = #{userEmail,jdbcType=VARCHAR},
      </if>
      <if test="salesDepartmentID != null" >
        salesDepartmentID = #{salesDepartmentID,jdbcType=INTEGER},
      </if>
      <if test="isDelete != null" >
        isDelete = #{isDelete,jdbcType=INTEGER},
      </if>
    </set>
    where id = #{id,jdbcType=INTEGER}
  </update>
  <update id="updateByPrimaryKey" parameterType="com.qst.scnt.model.userinfo" >
    <!--
      WARNING - @mbggenerated
      This element is automatically generated by MyBatis Generator, do not modify.
      This element was generated on Mon Apr 02 18:19:54 CST 2018.
    -->
    update userinfo
    set userName = #{userName,jdbcType=VARCHAR},
      pwd = #{pwd,jdbcType=VARCHAR},
      userPhone = #{userPhone,jdbcType=VARCHAR},
      userEmail = #{userEmail,jdbcType=VARCHAR},
      salesDepartmentID = #{salesDepartmentID,jdbcType=INTEGER},
      isDelete = #{isDelete,jdbcType=INTEGER}
    where id = #{id,jdbcType=INTEGER}
  </update>
</mapper>