<?xml version="1.0" encoding="UTF-8"?>
<beans  
xmlns="http://www.springframework.org/schema/beans" 
xmlns:context="http://www.springframework.org/schema/context" 
xmlns:xsi="http://www.w3.org/2001/XMLSchema-instance"  
xmlns:aop="http://www.springframework.org/schema/aop"  
xmlns:tx="http://www.springframework.org/schema/tx"  
xmlns:mvc="http://www.springframework.org/schema/mvc"
xsi:schemaLocation="http://www.springframework.org/schema/beans 
http://www.springframework.org/schema/beans/spring-beans-2.5.xsd  
http://www.springframework.org/schema/aop
http://www.springframework.org/schema/aop/spring-aop-2.5.xsd  
http://www.springframework.org/schema/tx 
http://www.springframework.org/schema/tx/spring-tx-2.5.xsd
http://www.springframework.org/schema/context  
http://www.springframework.org/schema/context/spring-context-3.2.xsd 
http://www.springframework.org/schema/mvc 
http://www.springframework.org/schema/mvc/spring-mvc.xsd
"
>  
<context:component-scan base-package="com.qst.scnt.action" />
<context:component-scan base-package="com.qst.scnt.action.**" />
<context:component-scan base-package="com.qst.scnt.dao.impl" />
<context:component-scan base-package="com.qst.scnt.service.impl" />


<!-- 配置基于注解的声明式事务 -->
<tx:annotation-driven transaction-manager="transactionManager" />
<!-- mysql数据源配置 -->  
<bean id="dataSource"
		class="org.apache.commons.dbcp.BasicDataSource" destroy-method="close">
		<property name="driverClassName"
			value="com.mysql.jdbc.Driver">
		</property>
		<property name="url"
			value="jdbc:mysql://localhost:3306/infomanagesys?useUnicode=true&amp;characterEncoding=UTF-8&amp;allowMultiQueries=true">
		</property>
		<property name="username" value="root"></property>
		<property name="password" value="123456"></property>
	</bean>	
	<!-- spring和MyBatis完美整合，不需要mybatis的配置映射文件 -->
    <bean id="sqlSessionFactory" class="org.mybatis.spring.SqlSessionFactoryBean">
        <property name="dataSource" ref="dataSource" />
        <property name="configLocation"  value="classpath:config/SqlMapConfig.xml"/>
        <!-- 自动扫描mapping.xml文件，**表示迭代查找,也可在sqlMapConfig.xml中单独指定xml文件  -->
        <property name="mapperLocations" value="classpath:config/sqlmap/*.xml" />
    </bean>
    
    <!-- mybatis spring sqlSessionTemplate,使用时直接让spring注入即可 -->
    <bean id="sqlSessionTemplate" class="org.mybatis.spring.SqlSessionTemplate">
        <constructor-arg index="0" ref="sqlSessionFactory"></constructor-arg>
    </bean>

    <!-- 事务管理 -->
	<bean id="transactionManager" class="org.springframework.jdbc.datasource.DataSourceTransactionManager">
		<property name="dataSource" ref="dataSource"></property>
	</bean>
		<!-- 声明式事务管理 -->
	<bean id="baseTransactionProxy" class="org.springframework.transaction.interceptor.TransactionProxyFactoryBean" abstract="true">
		<property name="transactionManager" ref="transactionManager"></property>
		<property name="transactionAttributes">
			<props>
				<prop key="add*">PROPAGATION_REQUIRED</prop>
				<prop key="save*">PROPAGATION_REQUIRED</prop>		
				<prop key="edit*">PROPAGATION_REQUIRED</prop>
				<prop key="update*">PROPAGATION_REQUIRED</prop>
				<prop key="del*">PROPAGATION_REQUIRED</prop>
				<prop key="audit*">PROPAGATION_REQUIRED</prop>
				<prop key="submit*">PROPAGATION_REQUIRED</prop>
				<prop key="*Add">PROPAGATION_REQUIRED</prop>
				<prop key="*Save">PROPAGATION_REQUIRED</prop>		
				<prop key="*Edit">PROPAGATION_REQUIRED</prop>
				<prop key="*Update">PROPAGATION_REQUIRED</prop>
				<prop key="*Del">PROPAGATION_REQUIRED</prop>
				<prop key="*back">PROPAGATION_REQUIRED</prop>
				<prop key="*Back">PROPAGATION_REQUIRED</prop>
				<prop key="*Audit">PROPAGATION_REQUIRED</prop>
				<prop key="*Submit">PROPAGATION_REQUIRED</prop>
				<prop key="*">PROPAGATION_REQUIRED,readOnly</prop>
			</props>
		</property>
	</bean>
</beans>