<?xml version="1.0" encoding="UTF-8" ?>
<!DOCTYPE mapper PUBLIC "-//mybatis.org//DTD Mapper 3.0//EN" "http://mybatis.org/dtd/mybatis-3-mapper.dtd">
<!-- 为这个mapper指定一个唯一的namespace，namespace的值习惯上设置成包名+sql映射文件名，这样就能够保证namespace的值是唯一的
例如namespace="me.gacl.mapping.userMapper"就是me.gacl.mapping(包名)+userMapper(userMapper.xml文件去除后缀)
-->
    <mapper namespace="com.qst.scnt.dao.impl.EmployeeInfoDaoImpl">
		      
		   <!-- 新增employeeInfo实体类 -->  
		    <insert id="insert" parameterType="employeeInfo">  
		        insert into employeeInfo (employeeName, sex, 
			      employeePhone, employeeAddress, employeeEmail, 
			      salesDepartmentID, isDelete)
			    values (#{employeeName,jdbcType=VARCHAR}, #{sex,jdbcType=CHAR}, 
			      #{employeePhone,jdbcType=VARCHAR}, #{employeeAddress,jdbcType=VARCHAR}, #{employeeEmail,jdbcType=VARCHAR}, 
			      #{salesDepartmentID,jdbcType=INTEGER}, #{isDelete,jdbcType=INTEGER})
		   </insert>  		    
		     
		   <!-- 批量插入 -->  
		   <insert id="insertBatch" parameterType="arraylist">  
		        insert into employeeInfo (employeeName, sex, 
			      employeePhone, employeeAddress, employeeEmail, 
			      salesDepartmentID, isDelete)
			      values   
		        <!-- collection可以是List对于list,数组对于array,Map对应ids -->
		        <foreach collection="list" item="item"  index="index" separator=",">
        			<trim prefix=" (" suffix=")" suffixOverrides=",">
        			 
        			  #{item.employeeName,jdbcType=VARCHAR}, #{item.sex,jdbcType=CHAR}, 
				      #{item.employeePhone,jdbcType=VARCHAR}, #{item.employeeAddress,jdbcType=VARCHAR}, 
				      #{item.employeeEmail,jdbcType=VARCHAR}, 
				      #{item.salesDepartmentID,jdbcType=INTEGER}, #{item.isDelete,jdbcType=INTEGER}
				      
				      </trim>   
           		</foreach>  
		   </insert>
		     
		   <!-- 更新对象 -->  
		   <update id="update" parameterType="employeeInfo">  
		      	update employeeInfo
				    <set >
				      <if test="employeeName != null" >
				        employeeName = #{employeeName,jdbcType=VARCHAR},
				      </if>
				      <if test="sex != null" >
				        sex = #{sex,jdbcType=CHAR},
				      </if>
				      <if test="employeePhone != null" >
				        employeePhone = #{employeePhone,jdbcType=VARCHAR},
				      </if>
				      <if test="employeeAddress != null" >
				        employeeAddress = #{employeeAddress,jdbcType=VARCHAR},
				      </if>
				      <if test="employeeEmail != null" >
				        employeeEmail = #{employeeEmail,jdbcType=VARCHAR},
				      </if>
				      <if test="salesDepartmentID != null" >
				        salesDepartmentID = #{salesDepartmentID,jdbcType=INTEGER},
				      </if>
				      <if test="isDelete != null" >
				        isDelete = #{isDelete,jdbcType=INTEGER},
				      </if>
				    </set>
				    where id = #{id,jdbcType=INTEGER}
		   </update>		   
		     
		   <!-- 更新对象（自定义范围） -->  
		    <update id="updateFields" parameterType="java.util.Map">  
		      update employeeInfo   
		      <set>  
			    <foreach collection="fields.entrySet()" index="key" item="value" separator=","> 			  
			        ${key} = #{value}  
			    </foreach>  
			  </set>  
			  <where>
			  	<foreach collection="where.entrySet()" index="key" item="value" separator="and">
			        ${key} = #{value} 
			    </foreach> 
              </where>  
		   </update>  
		     
		    <!-- 批量更新 -->  
		   <update id="updateBatch" parameterType="java.util.List">  
		        <!-- collection可以是List对于list,数组对于array,Map对应ids -->
		        update employeeInfo
			        <trim prefix="set" suffixOverrides=",">
			            <trim prefix="employeeName = case" suffix="end,">
			                 <foreach collection="list" item="item" index="index">
			                     <if test="item.employeeName != null" >
							        when id=#{item.id} then #{item.employeeName,jdbcType=VARCHAR}
							      </if>
			                 </foreach>
			            </trim>
			            
			            <trim prefix="sex = case" suffix="end,">
			                 <foreach collection="list" item="item" index="index">
			                     <if test="item.sex != null" >
							        when id=#{item.id} then #{item.sex,jdbcType=CHAR}
							      </if>
			                 </foreach>
			            </trim>
			            
			            <trim prefix="employeePhone = case" suffix="end,">
			                 <foreach collection="list" item="item" index="index">
			                     <if test="item.employeePhone != null" >
							        when id=#{item.id} then #{item.employeePhone,jdbcType=VARCHAR}
							      </if>
			                 </foreach>
			            </trim>
			            
			            <trim prefix="employeeAddress = case" suffix="end,">
			                 <foreach collection="list" item="item" index="index">
			                     <if test="item.employeeAddress != null" >
							        when id=#{item.id} then #{item.employeeAddress,jdbcType=VARCHAR}
							      </if>
			                 </foreach>
			            </trim>
			            
			            <trim prefix="employeeEmail = case" suffix="end,">
			                 <foreach collection="list" item="item" index="index">
			                     <if test="item.employeeEmail != null" >
							        when id=#{item.id} then #{item.employeeEmail,jdbcType=VARCHAR}
							      </if>
			                 </foreach>
			            </trim>
			            
			            <trim prefix="salesDepartmentID = case" suffix="end,">
			                 <foreach collection="list" item="item" index="index">
			                     <if test="item.salesDepartmentID != null" >
							        when id=#{item.id} then #{item.salesDepartmentID,jdbcType=INTEGER}
							      </if>
			                 </foreach>
			            </trim>
			            
			            <trim prefix="isDelete = case" suffix="end,">
			                 <foreach collection="list" item="item" index="index">
			                     <if test="item.isDelete != null" >
							        when id=#{item.id} then #{item.isDelete,jdbcType=INTEGER}
							      </if>
			                 </foreach>
			            </trim>
			            
			        </trim>			        
			        where id in
			        <foreach collection="list" index="index" item="item" separator="," open="(" close=")">
			            #{item.id,jdbcType=INTEGER}
			        </foreach>  
		   </update>  
		     
		   <!-- 根据主键删除 -->  
		   <delete id="deletePK" parameterType="int">  
		        delete from employeeInfo where id = #{id}  
		   </delete>  
		     
		   <!-- 根据参数删除 -->  
		   <delete id="deleteParam" parameterType="java.util.Map">  
		        delete from employeeInfo  
				  <where>
				  	<foreach collection="where.entrySet()" index="key" item="value" separator="and">
				        ${key} = #{value} 
				    </foreach> 
	              </where>   
		   </delete>  
		     
		   <!-- 批量删除 -->  
		   <delete id="deleteBatch">  
		        delete from employeeInfo where id in   
		        <trim prefix="(" suffix=")" suffixOverrides=",">  
		            <foreach collection="list" item="pk" separator=",">  
		                #{pk}  
		            </foreach>  
		        </trim>  
		   </delete>  
		   
		   <!-- 整表内容删除 -->  
		   <delete id="truncate">  
		        delete from employeeInfo 
		   </delete>  
		     
		   <!-- count -->  
		   <select id="count" resultType="int">  
		        select count(*) from employeeInfo e   
		  </select>  
		  <select id="countParam" parameterType="java.util.Map" resultType="int">  
		        select count(*) from employeeInfo e   
		        <where>
				  	<foreach collection="where.entrySet()" index="key" item="value" separator="and">
				        ${key} = #{value} 
				    </foreach> 
	              </where> 
		  </select>
		  
		  <!-- 查询 -->  
		   <select id="select" parameterType="Integer" resultType="employeeInfo">  
		        select * from employeeInfo
		   </select>
		  
		   <!-- 查询（参数） -->  
		   <select id="selectPk" parameterType="Integer" resultType="employeeInfo">  
		        select * from employeeInfo   where id = #{id} 
		   </select>  
		    
		   <!-- 查询（参数） -->  
		   <select id="selectParam" parameterType="java.util.Map" resultType="employeeInfo">  
		        select * from employeeInfo   
		       <where>
				  	<foreach collection="where.entrySet()" index="key" item="value" separator="and">
				        ${key} = #{value} 
				    </foreach> 
	              </where> 
		   </select>
    </mapper>