<?xml version="1.0" encoding="UTF-8" ?>
<!DOCTYPE mapper PUBLIC "-//mybatis.org//DTD Mapper 3.0//EN" "http://mybatis.org/dtd/mybatis-3-mapper.dtd">
<!-- 为这个mapper指定一个唯一的namespace，namespace的值习惯上设置成包名+sql映射文件名，这样就能够保证namespace的值是唯一的
例如namespace="me.gacl.mapping.userMapper"就是me.gacl.mapping(包名)+userMapper(userMapper.xml文件去除后缀)
-->
    <mapper namespace="com.qst.scnt.dao.impl.EveryMonthOtherInfoDaoImpl">
				      
		   <!-- 新增everyMonthOtherInfo实体类 -->  
		    <insert id="insert" parameterType="everyMonthOtherInfo">  
		        insert into everyMonthOtherInfo (manageCost, earlyNumber, 
			      finalNumber, singleExcessAmount, overallExcessAmount, 
			      salesDepartmentID, infoDate, isDelete
			      )
			    values (#{manageCost,jdbcType=DECIMAL}, #{earlyNumber,jdbcType=INTEGER}, 
			      #{finalNumber,jdbcType=INTEGER}, #{singleExcessAmount,jdbcType=DECIMAL}, #{overallExcessAmount,jdbcType=DECIMAL}, 
			      #{salesDepartmentID,jdbcType=INTEGER}, #{infoDate,jdbcType=DATE}, #{isDelete,jdbcType=INTEGER}
			      )
		   </insert>  		    
		     
		   <!-- 批量插入 -->  
		   <insert id="insertBatch" parameterType="arraylist">  
		        insert into everyMonthOtherInfo (manageCost, earlyNumber, 
			      finalNumber, singleExcessAmount, overallExcessAmount, 
			      salesDepartmentID, infoDate, isDelete
			      )
			    values  
		        <!-- collection可以是List对于list,数组对于array,Map对应ids -->
		        <foreach collection="list" item="item"  index="index" separator=",">
        			<trim prefix=" (" suffix=")" suffixOverrides=",">	        		 
				        #{item.manageCost,jdbcType=DECIMAL}, #{item.earlyNumber,jdbcType=INTEGER}, 
			      		#{item.finalNumber,jdbcType=INTEGER}, #{item.singleExcessAmount,jdbcType=DECIMAL}, 
			      		#{item.overallExcessAmount,jdbcType=DECIMAL}, 
			      		#{item.salesDepartmentID,jdbcType=INTEGER}, #{item.infoDate,jdbcType=DATE}, #{isDelete,jdbcType=INTEGER}  
		        	</trim>   
           		</foreach>  
		   </insert>
		     
		   <!-- 更新对象 -->  
		   <update id="update" parameterType="everyMonthOtherInfo">  
		      	update everyMonthOtherInfo
			    <set >
			      <if test="manageCost != null" >
			        manageCost = #{manageCost,jdbcType=DECIMAL},
			      </if>
			      <if test="earlyNumber != null" >
			        earlyNumber = #{earlyNumber,jdbcType=INTEGER},
			      </if>
			      <if test="finalNumber != null" >
			        finalNumber = #{finalNumber,jdbcType=INTEGER},
			      </if>
			      <if test="singleExcessAmount != null" >
			        singleExcessAmount = #{singleExcessAmount,jdbcType=DECIMAL},
			      </if>
			      <if test="overallExcessAmount != null" >
			        overallExcessAmount = #{overallExcessAmount,jdbcType=DECIMAL},
			      </if>
			      <if test="salesDepartmentID != null" >
			        salesDepartmentID = #{salesDepartmentID,jdbcType=INTEGER},
			      </if>
			      <if test="infoDate != null" >
			        infoDate = #{infoDate,jdbcType=DATE},
			      </if>
			      <if test="isDelete != null" >
			        isDelete = #{isDelete,jdbcType=INTEGER},
			      </if>
			    </set>
			    where id = #{id,jdbcType=INTEGER}
		  </update>		   
		     
		   <!-- 更新对象（自定义范围） -->  
		    <update id="updateFields" parameterType="java.util.Map">  
		      update everyMonthOtherInfo   
		      <set>  
			    <foreach collection="fields.entrySet()" index="key" item="value" separator=","> 			  
			        ${key} = #{value}  
			    </foreach>  
			  </set>  
			  <where>
			  	<foreach collection="where.entrySet()" index="key" item="value" separator="and">
			        ${key} = #{value} 
			    </foreach> 
              </where>  
		   </update>  
		     
		    <!-- 批量更新 -->  
		   <update id="updateBatch" parameterType="java.util.List">  
		        <!-- collection可以是List对于list,数组对于array,Map对应ids -->
		        update everyMonthOtherInfo
			        <trim prefix="set" suffixOverrides=",">
			            <trim prefix="manageCost = case" suffix="end,">
			                 <foreach collection="list" item="item" index="index">
			                     <if test="item.manageCost != null" >
							        when id=#{item.id} then #{item.manageCost,jdbcType=DECIMAL}
							      </if>
			                 </foreach>
			            </trim>
			            
			            <trim prefix="earlyNumber = case" suffix="end,">
			                 <foreach collection="list" item="item" index="index">
			                     <if test="item.earlyNumber != null" >
							        when id=#{item.id} then #{item.earlyNumber,jdbcType=INTEGER}
							      </if>
			                 </foreach>
			            </trim>
			            
			            <trim prefix="finalNumber = case" suffix="end,">
			                 <foreach collection="list" item="item" index="index">
			                     <if test="item.finalNumber != null" >
							        when id=#{item.id} then #{item.finalNumber,jdbcType=INTEGER}
							      </if>
			                 </foreach>
			            </trim>
			            
			            <trim prefix="singleExcessAmount = case" suffix="end,">
			                 <foreach collection="list" item="item" index="index">
			                     <if test="item.singleExcessAmount != null" >
							        when id=#{item.id} then #{item.singleExcessAmount,jdbcType=DECIMAL}
							      </if>
			                 </foreach>
			            </trim>
			            
			            <trim prefix="overallExcessAmount = case" suffix="end,">
			                 <foreach collection="list" item="item" index="index">
			                     <if test="item.overallExcessAmount != null" >
							        when id=#{item.id} then #{item.overallExcessAmount,jdbcType=DECIMAL}
							      </if>
			                 </foreach>
			            </trim>
			            
			            <trim prefix="salesDepartmentID = case" suffix="end,">
			                 <foreach collection="list" item="item" index="index">
			                     <if test="item.salesDepartmentID != null" >
							        when id=#{item.id} then #{item.salesDepartmentID,jdbcType=INTEGER}
							      </if>
			                 </foreach>
			            </trim>
			            
			            <trim prefix="infoDate = case" suffix="end,">
			                 <foreach collection="list" item="item" index="index">
			                     <if test="item.infoDate != null" >
							        when id=#{item.id} then #{item.infoDate,jdbcType=DATE}
							      </if>
			                 </foreach>
			            </trim>
			            
			            <trim prefix="isDelete = case" suffix="end,">
			                 <foreach collection="list" item="item" index="index">
			                     <if test="item.isDelete != null" >
							        when id=#{item.id} then #{item.isDelete,jdbcType=INTEGER}
							      </if>
			                 </foreach>
			            </trim>
			            
			        </trim>			        
			        where id in
			        <foreach collection="list" index="index" item="item" separator="," open="(" close=")">
			            #{item.id,jdbcType=INTEGER}
			        </foreach>  
		   </update>  
		     
		   <!-- 根据主键删除 -->  
		   <delete id="deletePK" parameterType="int">  
		        delete from everyMonthOtherInfo where id = #{id}  
		   </delete>  
		     
		   <!-- 根据参数删除 -->  
		   <delete id="deleteParam" parameterType="java.util.Map">  
		        delete from everyMonthOtherInfo  
				  <where>
				  	<foreach collection="where.entrySet()" index="key" item="value" separator="and">
				        ${key} = #{value} 
				    </foreach> 
	              </where>   
		   </delete>  
		     
		   <!-- 批量删除 -->  
		   <delete id="deleteBatch">  
		        delete from everyMonthOtherInfo where id in   
		        <trim prefix="(" suffix=")" suffixOverrides=",">  
		            <foreach collection="list" item="pk" separator=",">  
		                #{pk}  
		            </foreach>  
		        </trim>  
		   </delete>  
		   
		   <!-- 整表内容删除 -->  
		   <delete id="truncate">  
		        delete from everyMonthOtherInfo 
		   </delete>  
		     
		   <!-- count -->  
		   <select id="count" resultType="int">  
		        select count(*) from everyMonthOtherInfo e   
		  </select>  
		  <select id="countParam" parameterType="java.util.Map" resultType="int">  
		        select count(*) from everyMonthOtherInfo e   
		        <where>
				  	<foreach collection="where.entrySet()" index="key" item="value" separator="and">
				        ${key} = #{value} 
				    </foreach> 
	              </where> 
		  </select>
		  
		  <!-- 查询 -->  
		   <select id="select" parameterType="Integer" resultType="everyMonthOtherInfo">  
		        select * from everyMonthOtherInfo
		   </select>
		  
		   <!-- 查询（参数） -->  
		   <select id="selectPk" parameterType="Integer" resultType="everyMonthOtherInfo">  
		        select * from everyMonthOtherInfo   where id = #{id} 
		   </select>  
		    
		   <!-- 查询（参数） -->  
		   <select id="selectParam" parameterType="java.util.Map" resultType="everyMonthOtherInfo">  
		        select * from everyMonthOtherInfo   
		       <where>
				  	<foreach collection="where.entrySet()" index="key" item="value" separator="and">
				        ${key} = #{value} 
				    </foreach> 
	              </where> 
		   </select>
    </mapper>