<?xml version="1.0" encoding="UTF-8" ?>
<!DOCTYPE mapper PUBLIC "-//mybatis.org//DTD Mapper 3.0//EN" "http://mybatis.org/dtd/mybatis-3-mapper.dtd">
<!-- 为这个mapper指定一个唯一的namespace，namespace的值习惯上设置成包名+sql映射文件名，这样就能够保证namespace的值是唯一的
例如namespace="me.gacl.mapping.userMapper"就是me.gacl.mapping(包名)+userMapper(userMapper.xml文件去除后缀)
-->
    <mapper namespace="com.qst.scnt.dao.impl.ProductInfoDaoImpl">
				      
		   <!-- 新增productInfo实体类 -->  
		    <insert id="insert" parameterType="productInfo">  
		        insert into productInfo (productName, productUnit, 
			      productPrice, isDelete)
			    values (#{productName,jdbcType=VARCHAR}, #{productUnit,jdbcType=VARCHAR}, 
			      #{productPrice,jdbcType=DECIMAL}, #{isDelete,jdbcType=INTEGER})
		   </insert>  		    
		     
		   <!-- 批量插入 -->  
		   <insert id="insertBatch" parameterType="arraylist">  
		        insert into productInfo (productName, productUnit, 
			      productPrice, isDelete)
			    values  
		        <!-- collection可以是List对于list,数组对于array,Map对应ids -->  
		        <foreach collection="list" item="item"  index="index" separator="union all">
		          #{item.productName,jdbcType=VARCHAR}, #{item.productUnit,jdbcType=VARCHAR}, 
			      #{item.productPrice,jdbcType=DECIMAL}, #{item.isDelete,jdbcType=INTEGER}
		        </foreach>  
		   </insert>
		     
		   <!-- 更新对象 -->  
		   <update id="update" parameterType="productInfo">  
		      	update productInfo
				    <set >
				      <if test="productName != null" >
				        productName = #{productName,jdbcType=VARCHAR},
				      </if>
				      <if test="productUnit != null" >
				        productUnit = #{productUnit,jdbcType=VARCHAR},
				      </if>
				      <if test="productPrice != null" >
				        productPrice = #{productPrice,jdbcType=DECIMAL},
				      </if>
				      <if test="isDelete != null" >
				        isDelete = #{isDelete,jdbcType=INTEGER},
				      </if>
				    </set>
				    where id = #{id,jdbcType=INTEGER}
		   </update>		   
		     
		   <!-- 更新对象（自定义范围） -->  
		    <update id="updateFields" parameterType="java.util.Map">  
		      update productInfo   
		      <set>  
			    <foreach collection="fields.entrySet()" index="key" item="value" separator=","> 			  
			        ${key} = #{value}  
			    </foreach>  
			  </set>  
			  <where>
			  	<foreach collection="where.entrySet()" index="key" item="value" separator="and">
			        ${key} = #{value} 
			    </foreach> 
              </where>  
		   </update>  
		     
		    <!-- 批量更新 -->
		   <update id="updateBatch" parameterType="java.util.List">  
		        <!-- collection可以是List对于list,数组对于array,Map对应ids -->
		        update productInfo
			        <trim prefix="set" suffixOverrides=",">
			            <trim prefix="productName = case" suffix="end,">
			                 <foreach collection="list" item="item" index="index">
			                     <if test="item.productName != null" >
							        when id=#{item.id} then #{item.productName,jdbcType=VARCHAR}
							      </if>
			                 </foreach>
			            </trim>
			            
			            <trim prefix="productUnit = case" suffix="end,">
			                 <foreach collection="list" item="item" index="index">
			                     <if test="item.productUnit != null" >
							        when id=#{item.id} then #{item.productUnit,jdbcType=VARCHAR} 
							      </if>
			                 </foreach>
			            </trim>
			            
			            <trim prefix="productPrice = case" suffix="end,">
			                 <foreach collection="list" item="item" index="index">
			                     <if test="item.productPrice != null" >							        
			        				when id=#{item.id} then #{item.productPrice,jdbcType=DECIMAL}
							      </if>
			                 </foreach>
			            </trim>
			            
			            <trim prefix="isDelete = case" suffix="end,">
			                 <foreach collection="list" item="item" index="index">
			                     <if test="item.isDelete != null" >
							        when id=#{item.id} then #{item.isDelete,jdbcType=INTEGER}
							      </if>
			                 </foreach>
			            </trim>

			        </trim>			        
			        where id in
			        <foreach collection="list" index="index" item="item" separator="," open="(" close=")">
			            #{item.id,jdbcType=INTEGER}
			        </foreach>  
		   </update>  
		     
		   <!-- 根据主键删除 -->  
		   <delete id="deletePK" parameterType="int">  
		        delete from productInfo where id = #{id}  
		   </delete>  
		     
		   <!-- 根据参数删除 -->  
		   <delete id="deleteParam" parameterType="java.util.Map">  
		        delete from productInfo  
				  <where>
				  	<foreach collection="where.entrySet()" index="key" item="value" separator="and">
				        ${key} = #{value} 
				    </foreach> 
	              </where>   
		   </delete>  
		     
		   <!-- 批量删除 -->  
		   <delete id="deleteBatch">  
		        delete from productInfo where id in   
		        <trim prefix="(" suffix=")" suffixOverrides=",">  
		            <foreach collection="list" item="pk" separator=",">  
		                #{pk}  
		            </foreach>  
		        </trim>  
		   </delete>  
		   
		   <!-- 整表内容删除 -->  
		   <delete id="truncate">  
		        delete from productInfo 
		   </delete>  
		     
		   <!-- count -->  
		   <select id="count" resultType="int">  
		        select count(*) from productInfo e   
		  </select>  
		  <select id="countParam" parameterType="java.util.Map" resultType="int">  
		        select count(*) from productInfo e   
		        <where>
				  	<foreach collection="where.entrySet()" index="key" item="value" separator="and">
				        ${key} = #{value} 
				    </foreach> 
	              </where> 
		  </select>
		  
		  <!-- 查询 -->  
		   <select id="select" parameterType="Integer" resultType="productInfo">  
		        select * from productInfo
		   </select>
		  
		   <!-- 查询（参数） -->  
		   <select id="selectPk" parameterType="Integer" resultType="productInfo">  
		        select * from productInfo   where id = #{id} 
		   </select>  
		    
		   <!-- 查询（参数） -->  
		   <select id="selectParam" parameterType="java.util.Map" resultType="productInfo">  
		        select * from productInfo   
		       <where>
				  	<foreach collection="where.entrySet()" index="key" item="value" separator="and">
				        ${key} = #{value} 
				    </foreach> 
	              </where> 
		   </select>
    </mapper>