<?xml version="1.0" encoding="UTF-8" ?>
<!DOCTYPE mapper PUBLIC "-//mybatis.org//DTD Mapper 3.0//EN" "http://mybatis.org/dtd/mybatis-3-mapper.dtd">
<!-- 为这个mapper指定一个唯一的namespace，namespace的值习惯上设置成包名+sql映射文件名，这样就能够保证namespace的值是唯一的
例如namespace="me.gacl.mapping.userMapper"就是me.gacl.mapping(包名)+userMapper(userMapper.xml文件去除后缀)
-->
    <mapper namespace="com.qst.scnt.dao.impl.ReceiptInfoDaoImpl">
		
		   <!-- 新增receiptInfo实体类 -->  
		    <insert id="insert" parameterType="receiptInfo">  
		        insert into receiptInfo (orderID, receiptDate, 
			      receiptAmount, receiptMenber, salesDepartmentID, 
			      remark, isDelete)
			    values (#{orderID,jdbcType=INTEGER}, #{receiptDate,jdbcType=DATE}, 
			      #{receiptAmount,jdbcType=DECIMAL}, #{receiptMenber,jdbcType=VARCHAR}, #{salesDepartmentID,jdbcType=INTEGER}, 
			      #{remark,jdbcType=VARCHAR}, #{isDelete,jdbcType=INTEGER})
		   </insert>  		    
		     
		   <!-- 批量插入 -->  
		   <insert id="insertBatch" parameterType="arraylist">  
		        insert into receiptInfo ( orderID, receiptDate, 
			      receiptAmount, receiptMenber, salesDepartmentID, 
			      remark, isDelete
			      )
			    values   
		        <!-- collection可以是List对于list,数组对于array,Map对应ids -->  
		        <foreach collection="list" item="item"  index="index" separator="union all">		        
		        #{item.orderID,jdbcType=INTEGER}, #{item.receiptDate,jdbcType=DATE}, 
			      #{item.receiptAmount,jdbcType=DECIMAL}, #{item.receiptMenber,jdbcType=VARCHAR}, 
			      #{item.salesDepartmentID,jdbcType=INTEGER}, 
			      #{item.remark,jdbcType=VARCHAR}, #{item.isDelete,jdbcType=INTEGER}
			      </foreach>  
		   </insert>
		     
		   <!-- 更新对象 -->  
		   <update id="update" parameterType="receiptInfo">  
		      	update receiptInfo
				<set >
				      <if test="orderID != null" >
				        orderID = #{orderID,jdbcType=INTEGER},
				      </if>
				      <if test="receiptDate != null" >
				        receiptDate = #{receiptDate,jdbcType=DATE},
				      </if>
				      <if test="receiptAmount != null" >
				        receiptAmount = #{receiptAmount,jdbcType=DECIMAL},
				      </if>
				      <if test="receiptMenber != null" >
				        receiptMenber = #{receiptMenber,jdbcType=VARCHAR},
				      </if>
				      <if test="salesDepartmentID != null" >
				        salesDepartmentID = #{salesDepartmentID,jdbcType=INTEGER},
				      </if>
				      <if test="remark != null" >
				        remark = #{remark,jdbcType=VARCHAR},
				      </if>
				      <if test="isDelete != null" >
				        isDelete = #{isDelete,jdbcType=INTEGER},
				      </if>
				    </set>
				    where id = #{id,jdbcType=INTEGER}
		   </update>		   
		     
		   <!-- 更新对象（自定义范围） -->  
		    <update id="updateFields" parameterType="java.util.Map">  
		      update receiptInfo   
		      <set>  
			    <foreach collection="fields.entrySet()" index="key" item="value" separator=","> 			  
			        ${key} = #{value}  
			    </foreach>  
			  </set>  
			  <where>
			  	<foreach collection="where.entrySet()" index="key" item="value" separator="and">
			        ${key} = #{value} 
			    </foreach> 
              </where>  
		   </update>  
		     
		    <!-- 批量更新 -->  
		   <update id="updateBatch" parameterType="java.util.List">  
		        <!-- collection可以是List对于list,数组对于array,Map对应ids -->
		        update receiptInfo
			        <trim prefix="set" suffixOverrides=",">
			            <trim prefix="orderID = case" suffix="end,">
			                 <foreach collection="list" item="item" index="index">
			                     <if test="item.orderID != null" >
							        when id=#{item.id} then #{item.orderID,jdbcType=INTEGER}
							      </if>
			                 </foreach>
			            </trim>
			            
			            <trim prefix="receiptDate = case" suffix="end,">
			                 <foreach collection="list" item="item" index="index">
			                     <if test="item.receiptDate != null" >
							        when id=#{item.id} then #{item.receiptDate,jdbcType=DATE}
							      </if>
			                 </foreach>
			            </trim>
			            
			            <trim prefix="receiptAmount = case" suffix="end,">
			                 <foreach collection="list" item="item" index="index">
			                     <if test="item.receiptAmount != null" >
			                     	when id=#{item.id} then #{item.receiptAmount,jdbcType=DECIMAL}
							      </if>
			                 </foreach>
			            </trim>
			            
			            <trim prefix="receiptMenber = case" suffix="end,">
			                 <foreach collection="list" item="item" index="index">
			                     <if test="item.receiptMenber != null" >
							        when id=#{item.id} then #{item.receiptMenber,jdbcType=VARCHAR}
							      </if>
			                 </foreach>
			            </trim>
			            
			            <trim prefix="salesDepartmentID = case" suffix="end,">
			                 <foreach collection="list" item="item" index="index">
			                     <if test="item.salesDepartmentID != null" >
							        when id=#{item.id} then #{item.salesDepartmentID,jdbcType=INTEGER}
							      </if>
			                 </foreach>
			            </trim>
			            
			            <trim prefix="remark = case" suffix="end,">
			                 <foreach collection="list" item="item" index="index">
			                     <if test="item.remark != null" >
							        when id=#{item.id} then #{item.remark,jdbcType=VARCHAR}
							      </if>
			                 </foreach>
			            </trim>
			            
			            <trim prefix="isDelete = case" suffix="end,">
			                 <foreach collection="list" item="item" index="index">
			                     <if test="item.isDelete != null" >
							        when id=#{item.id} then #{item.isDelete,jdbcType=INTEGER}
							      </if>
			                 </foreach>
			            </trim>
			            
			        </trim>			        
			        where id in
			        <foreach collection="list" index="index" item="item" separator="," open="(" close=")">
			            #{item.id,jdbcType=INTEGER}
			        </foreach>  
		   </update>  
		     
		   <!-- 根据主键删除 -->  
		   <delete id="deletePK" parameterType="int">  
		        delete from receiptInfo where id = #{id}  
		   </delete>  
		     
		   <!-- 根据参数删除 -->  
		   <delete id="deleteParam" parameterType="java.util.Map">  
		        delete from receiptInfo  
				  <where>
				  	<foreach collection="where.entrySet()" index="key" item="value" separator="and">
				        ${key} = #{value} 
				    </foreach> 
	              </where>   
		   </delete>  
		     
		   <!-- 批量删除 -->  
		   <delete id="deleteBatch">  
		        delete from receiptInfo where id in   
		        <trim prefix="(" suffix=")" suffixOverrides=",">  
		            <foreach collection="list" item="pk" separator=",">  
		                #{pk}  
		            </foreach>  
		        </trim>  
		   </delete>  
		   
		   <!-- 整表内容删除 -->  
		   <delete id="truncate">  
		        delete from receiptInfo 
		   </delete>  
		     
		   <!-- count -->  
		   <select id="count" resultType="int">  
		        select count(*) from receiptInfo e   
		  </select>  
		  <select id="countParam" parameterType="java.util.Map" resultType="int">  
		        select count(*) from receiptInfo e   
		        <where>
				  	<foreach collection="where.entrySet()" index="key" item="value" separator="and">
				        ${key} = #{value} 
				    </foreach> 
	              </where> 
		  </select>
		  
		  <!-- 查询 -->  
		   <select id="select" parameterType="Integer" resultType="receiptInfo">  
		        select * from receiptInfo
		   </select>
		  
		   <!-- 查询（参数） -->  
		   <select id="selectPk" parameterType="Integer" resultType="receiptInfo">  
		        select * from receiptInfo   where id = #{id} 
		   </select>  
		    
		   <!-- 查询（参数） -->  
		   <select id="selectParam" parameterType="java.util.Map" resultType="receiptInfo">  
		        select * from receiptInfo   
		       <where>
				  	<foreach collection="where.entrySet()" index="key" item="value" separator="and">
				        ${key} = #{value} 
				    </foreach> 
	              </where> 
		   </select>
    </mapper>