<?xml version="1.0" encoding="UTF-8" ?>
<!DOCTYPE mapper PUBLIC "-//mybatis.org//DTD Mapper 3.0//EN" "http://mybatis.org/dtd/mybatis-3-mapper.dtd">
<!-- 为这个mapper指定一个唯一的namespace，namespace的值习惯上设置成包名+sql映射文件名，这样就能够保证namespace的值是唯一的
例如namespace="me.gacl.mapping.userMapper"就是me.gacl.mapping(包名)+userMapper(userMapper.xml文件去除后缀)
-->
    <mapper namespace="com.qst.scnt.dao.impl.SalesDepartmentInfoDaoImpl">
				      
		   <!-- 新增salesDepartmentInfo实体类 -->  
		    <insert id="insert" parameterType="salesDepartmentInfo">  
		        insert into salesDepartmentInfo (salesDepartmentName, salesDepartmentAddress, 
			      salesDepartmentPhone, parentID, isDelete
			      )
			    values (#{salesDepartmentName,jdbcType=VARCHAR}, #{salesDepartmentAddress,jdbcType=VARCHAR}, 
			      #{salesDepartmentPhone,jdbcType=VARCHAR}, #{parentID,jdbcType=INTEGER}, #{isDelete,jdbcType=INTEGER}
			      )
		   </insert>  		    
		     
		   <!-- 批量插入 -->  
		   <insert id="insertBatch" parameterType="arraylist">  
		        insert into salesDepartmentInfo (salesDepartmentName, salesDepartmentAddress, 
			      salesDepartmentPhone, parentID, isDelete
			      )
			    values  
		        <!-- collection可以是List对于list,数组对于array,Map对应ids -->  
		        <foreach collection="list" item="item"  index="index" separator="union all">  
		         	#{item.salesDepartmentName,jdbcType=VARCHAR}, 
		         	#{item.salesDepartmentAddress,jdbcType=VARCHAR}, 
			      	#{item.salesDepartmentPhone,jdbcType=VARCHAR}, 
			      	#{item.parentID,jdbcType=INTEGER}, 
			      	#{item.isDelete,jdbcType=INTEGER}
			       
		        </foreach>  
		   </insert>
		     
		   <!-- 更新对象 -->  
		   <update id="update" parameterType="salesDepartmentInfo">  
		      	update salesDepartmentInfo
				    <set >
				      <if test="salesDepartmentName != null" >
				        salesDepartmentName = #{salesDepartmentName,jdbcType=VARCHAR},
				      </if>
				      <if test="salesDepartmentAddress != null" >
				        salesDepartmentAddress = #{salesDepartmentAddress,jdbcType=VARCHAR},
				      </if>
				      <if test="salesDepartmentPhone != null" >
				        salesDepartmentPhone = #{salesDepartmentPhone,jdbcType=VARCHAR},
				      </if>
				      <if test="parentID != null" >
				        parentID = #{parentID,jdbcType=INTEGER},
				      </if>
				      <if test="isDelete != null" >
				        isDelete = #{isDelete,jdbcType=INTEGER},
				      </if>
				    </set>
				    where id = #{id,jdbcType=INTEGER}
		   </update>		   
		     
		   <!-- 更新对象（自定义范围） -->  
		    <update id="updateFields" parameterType="java.util.Map">  
		      update salesDepartmentInfo   
		      <set>  
			    <foreach collection="fields.entrySet()" index="key" item="value" separator=","> 			  
			        ${key} = #{value}  
			    </foreach>  
			  </set>  
			  <where>
			  	<foreach collection="where.entrySet()" index="key" item="value" separator="and">
			        ${key} = #{value} 
			    </foreach> 
              </where>  
		   </update>  
		     
		    <!-- 批量更新 -->
		   <update id="updateBatch" parameterType="java.util.List">  
		        <!-- collection可以是List对于list,数组对于array,Map对应ids -->
		        update salesDepartmentInfo
			        <trim prefix="set" suffixOverrides=",">
			            <trim prefix="salesDepartmentName = case" suffix="end,">
			                 <foreach collection="list" item="item" index="index">
			                     <if test="item.salesDepartmentName != null" >
							        when id=#{item.id} then #{item.salesDepartmentName,jdbcType=VARCHAR}
							      </if>
			                 </foreach>
			            </trim>
			            
			            <trim prefix="salesDepartmentAddress = case" suffix="end,">
			                 <foreach collection="list" item="item" index="index">
			                     <if test="item.salesDepartmentAddress != null" >
							        when id=#{item.id} then #{item.salesDepartmentAddress,jdbcType=VARCHAR}
							      </if>
			                 </foreach>
			            </trim>
			            
			            <trim prefix="salesDepartmentPhone = case" suffix="end,">
			                 <foreach collection="list" item="item" index="index">
			                     <if test="item.salesDepartmentPhone != null" >
							        when id=#{item.id} then #{item.salesDepartmentPhone,jdbcType=VARCHAR}
							      </if>
			                 </foreach>
			            </trim>
			            
			            <trim prefix="parentID = case" suffix="end,">
			                 <foreach collection="list" item="item" index="index">
			                     <if test="item.parentID != null" >
							        when id=#{item.id} then #{item.parentID,jdbcType=INTEGER}
							      </if>
			                 </foreach>
			            </trim>
			            
			             <trim prefix="isDelete = case" suffix="end,">
			                 <foreach collection="list" item="item" index="index">
			                     <if test="item.isDelete != null" >
							        when id=#{item.id} then #{item.isDelete,jdbcType=INTEGER}
							      </if>
			                 </foreach>
			            </trim>			            
			            
			        </trim>			        
			        where id in
			        <foreach collection="list" index="index" item="item" separator="," open="(" close=")">
			            #{item.id,jdbcType=INTEGER}
			        </foreach>  
		   </update>  
		     
		   <!-- 根据主键删除 -->  
		   <delete id="deletePK" parameterType="int">  
		        delete from salesDepartmentInfo where id = #{id}  
		   </delete>  
		     
		   <!-- 根据参数删除 -->  
		   <delete id="deleteParam" parameterType="java.util.Map">  
		        delete from salesDepartmentInfo  
				  <where>
				  	<foreach collection="where.entrySet()" index="key" item="value" separator="and">
				        ${key} = #{value} 
				    </foreach> 
	              </where>   
		   </delete>  
		     
		   <!-- 批量删除 -->  
		   <delete id="deleteBatch">  
		        delete from salesDepartmentInfo where id in   
		        <trim prefix="(" suffix=")" suffixOverrides=",">  
		            <foreach collection="list" item="pk" separator=",">  
		                #{pk}  
		            </foreach>  
		        </trim>  
		   </delete>  
		   
		   <!-- 整表内容删除 -->  
		   <delete id="truncate">  
		        delete from salesDepartmentInfo 
		   </delete>  
		     
		   <!-- count -->  
		   <select id="count" resultType="int">  
		        select count(*) from salesDepartmentInfo e   
		  </select>  
		  <select id="countParam" parameterType="java.util.Map" resultType="int">  
		        select count(*) from salesDepartmentInfo e   
		        <where>
				  	<foreach collection="where.entrySet()" index="key" item="value" separator="and">
				        ${key} = #{value} 
				    </foreach> 
	              </where> 
		  </select>
		  
		  <!-- 查询 -->  
		   <select id="select" parameterType="Integer" resultType="salesDepartmentInfo">  
		        select * from salesDepartmentInfo
		   </select>
		  
		   <!-- 查询（参数） -->  
		   <select id="selectPk" parameterType="Integer" resultType="salesDepartmentInfo">  
		        select * from salesDepartmentInfo   where id = #{id} 
		   </select>  
		    
		   <!-- 查询（参数） -->  
		   <select id="selectParam" parameterType="java.util.Map" resultType="salesDepartmentInfo">  
		        select * from salesDepartmentInfo   
		       <where>
				  	<foreach collection="where.entrySet()" index="key" item="value" separator="and">
				        ${key} = #{value} 
				    </foreach> 
	              </where> 
		   </select>
    </mapper>