﻿<?xml version="1.0" encoding="UTF-8"?>
<!DOCTYPE generatorConfiguration
        PUBLIC "-//mybatis.org//DTD MyBatis Generator Configuration 1.0//EN"
        "http://mybatis.org/dtd/mybatis-generator-config_1_0.dtd">

<generatorConfiguration>
    <classPathEntry location="mysql-connector-java-5.1.21.jar"/>
    <context id="DB2Tables" targetRuntime="MyBatis3">
        <commentGenerator>
            <property name="suppressAllComments" value="false"/>
        </commentGenerator>

        <!-- 1.JDBC 连接信息 -->
        <jdbcConnection driverClass="com.mysql.jdbc.Driver"
                        connectionURL="jdbc:mysql://localhost:3306/infomanagesys" userId="root"
                        password="123456">
        </jdbcConnection>

        <javaTypeResolver>
            <property name="forceBigDecimals" value="false"/>
        </javaTypeResolver>

        <!-- 2.导出的 model 文件位置 -->
        <javaModelGenerator targetPackage="com.qst.scnt.model"
                            targetProject="../resources">
            <property name="enableSubPackages" value="true"/>
            <property name="trimStrings" value="true"/>
        </javaModelGenerator>

        <!-- 3.生成的 SQLProvider 文件地址-->
        <sqlMapGenerator targetPackage="com.qst.scnt.model"
                         targetProject="../resources">
            <property name="enableSubPackages" value="true"/>
        </sqlMapGenerator>

        <!-- 4.导出的mapper文件位置 -->
        <javaClientGenerator type="XMLMAPPER"
                             targetPackage="com.qst.scnt.model" targetProject="../resources">
            <property name="enableSubPackages" value="true"/>
        </javaClientGenerator>

        <!-- 5.设置要生成model的表，一个表对应一个table元素 -->
        <table tableName="cost" domainObjectName="cost" enableCountByExample="false"
               enableDeleteByExample="false" enableSelectByExample="false"
               enableUpdateByExample="false">
            <property name="useActualColumnNames" value="true"/>
        </table>
        
        <table tableName="customerinfo" domainObjectName="customerinfo" enableCountByExample="false"
               enableDeleteByExample="false" enableSelectByExample="false"
               enableUpdateByExample="false">
            <property name="useActualColumnNames" value="true"/>
        </table>
        
        <table tableName="employeeinfo" domainObjectName="employeeinfo" enableCountByExample="false"
               enableDeleteByExample="false" enableSelectByExample="false"
               enableUpdateByExample="false">
            <property name="useActualColumnNames" value="true"/>
        </table>
        
        <table tableName="everymonthotherinfo" domainObjectName="everymonthotherinfo" enableCountByExample="false"
               enableDeleteByExample="false" enableSelectByExample="false"
               enableUpdateByExample="false">
            <property name="useActualColumnNames" value="true"/>
        </table>
        
        <table tableName="expenseitem" domainObjectName="expenseitem" enableCountByExample="false"
               enableDeleteByExample="false" enableSelectByExample="false"
               enableUpdateByExample="false">
            <property name="useActualColumnNames" value="true"/>
        </table>
        
        <table tableName="menu" domainObjectName="menu" enableCountByExample="false"
               enableDeleteByExample="false" enableSelectByExample="false"
               enableUpdateByExample="false">
            <property name="useActualColumnNames" value="true"/>
        </table>
        
        <table tableName="orderinfo" domainObjectName="orderinfo" enableCountByExample="false"
               enableDeleteByExample="false" enableSelectByExample="false"
               enableUpdateByExample="false">
            <property name="useActualColumnNames" value="true"/>
        </table>
        
        <table tableName="orderproductinfo" domainObjectName="orderproductinfo" enableCountByExample="false"
               enableDeleteByExample="false" enableSelectByExample="false"
               enableUpdateByExample="false">
            <property name="useActualColumnNames" value="true"/>
        </table>
        
        <table tableName="parameterinfo" domainObjectName="parameterinfo" enableCountByExample="false"
               enableDeleteByExample="false" enableSelectByExample="false"
               enableUpdateByExample="false">
            <property name="useActualColumnNames" value="true"/>
        </table>
        
        <table tableName="productinfo" domainObjectName="productinfo" enableCountByExample="false"
               enableDeleteByExample="false" enableSelectByExample="false"
               enableUpdateByExample="false">
            <property name="useActualColumnNames" value="true"/>
        </table>
        
        <table tableName="receiptinfo" domainObjectName="receiptinfo" enableCountByExample="false"
               enableDeleteByExample="false" enableSelectByExample="false"
               enableUpdateByExample="false">
            <property name="useActualColumnNames" value="true"/>
        </table>
        
        <table tableName="salesdepartmentinfo" domainObjectName="salesdepartmentinfo" enableCountByExample="false"
               enableDeleteByExample="false" enableSelectByExample="false"
               enableUpdateByExample="false">
            <property name="useActualColumnNames" value="true"/>
        </table>
        
        <table tableName="userinfo" domainObjectName="userinfo" enableCountByExample="false"
               enableDeleteByExample="false" enableSelectByExample="false"
               enableUpdateByExample="false">
            <property name="useActualColumnNames" value="true"/>
        </table>
        
    </context>
</generatorConfiguration>  